catogery,comment,content,img_link,score,title
"剧情,战争,爱情","为什么《魂断蓝桥》在东方受到的追捧远比它的故乡美国来得热烈。因为影片中的贞洁观念、门 第观念、一见钟情、一生痴恋，简直同中国传统的才子佳人故事如出一辙。《魂断蓝桥》在中国的成功，不是因为它输出了美国人的价值观，恰恰相反，是因为它迎合了东方人传统的价值观。,在苏格兰的克劳宁家，克劳宁夫人和罗依的叔叔对玛拉很满意，然而其他人很不喜欢玛拉的舞蹈演员的身份。玛拉感到了巨大的压力，她意识到爱情在社会的非难前是无能为力的，她将实情告诉了克劳宁夫人，并求她不要告诉罗依。玛拉给罗依留下了一封信说不能嫁给他，于是离开了。罗依焦急万分，他找到了凯蒂，凯蒂告诉了他一切。玛拉来到滑铁卢桥上，独自倚着栏杆，眼神呆滞。一队军用卡车隆隆开来，玛拉平静地迎着卡车走去，任凭车灯在脸上照耀。在人群的惊叫声中，一个年轻的生命结束了，地上散落着手提包和一只象牙雕的吉祥符。",第一次世界大战期间，回国度假的陆军中尉罗伊（罗伯特·泰勒 饰）在滑铁卢桥上邂逅了舞蹈演员玛拉（费雯·丽 饰），两人彼此倾心，爱情迅速升温。就在两人决定结婚之时，罗伊应招回营地，两人被迫分离。由于错过剧团演出，玛拉被开除，只能和好友相依为命。不久玛拉得知罗伊阵亡的消息，几欲崩溃，备受打击。失去爱情的玛拉感到一切都失去了意义，为了生存，她和好友不得不沦为妓女。然而命运弄人，就在此时玛拉竟然再次遇到了罗伊。虽然为罗伊的生还兴奋不已，玛拉却因自己的失身陷入痛苦之中。感到一切难以挽回的玛拉潸然离开，独自来到两人最初相遇的地点——滑铁卢桥上…,http://p0.meituan.net/movie/46c29a8b8d8424bdda7715e6fd779c66235684.jpg@464w_644h_1e_1c,.,魂断蓝桥
"动画,奇幻,冒险","《千与千寻》是宫崎骏的名作，是儿时喜欢的动画，从那时起我就对宫崎骏有所偏爱，不管是不是他导演的，反正有关宫崎骏的电影我都一一看过。当初的少女心，曾多次幻想有白龙一样的男朋友，有忠心耿耿的无脸男，有可爱的煤炭子，慈祥的锅炉爷爷。虽然，千寻的遭遇很悲惨，但是她仍然是幸福的，因为有这么多朋友在帮助他。当然，环保主题一直是老爷子的隐喻主题，这是我觉得他隐藏得最深的地方，处理得最好的地方。,那里有一座不能越过的桥。那里有你消失了的名字。直至也有你永远不想忘记的人。神秘，一切都是未知。一边经历一边成长，想回到现实，只要努力即使渺茫也的确存在希望。还有那个无脸男，其实谁人不是无脸男，只是暂时不想记起内心那些淡淡的寂寞忧伤…",本影片讲述了10岁少女的奇幻之旅。千寻（ 柊瑠美 配音）跟随父母搬往新家，途中误入一座神庙，来到了另一个世界：一条专门给神仙提供服务的热闹非凡的浴场街。双亲因为吃了给神准备的美食而被变成了猪。小千寻在迷之美少年白龙（ 入野自由 配音）的帮助下得以安身，改名为“千”，进了魔女汤婆婆（ 夏木真理 配音）经营的大浴场做帮佣，等待机会救出父母回到自己的世界。在这里有口恶心善的烧锅炉的爷爷（菅原文太 配音），有性格爽利热心肠的玲（玉井夕海 配音），交到了许多新朋友。然而要救出双亲，她还必须面临严酷的考验……,http://p0.meituan.net/movie/b076ce63e9860ecf1ee9839badee5228329384.jpg@464w_644h_1e_1c,.,千与千寻
"喜剧,爱情,古装","我们都爱周星驰，我们都爱周星驰，我们都爱周星驰，重要的事情要说三遍，唐伯虎点秋香是为数不多百看不厌的电影，什么红烧翅我爱吃呀！什么含笑半步癫一日丧命散呀！什么***呀！什么还我漂漂拳面目全非脚呀！什么小人本住在苏州的城边呀！什么超级忍者龟龟波气功隔山打牛挂腊肠呀！什么东淫西贱南荡北色小淫虫周伯通呀！什么你是唐伯虎我就是观世音呀！什么坐我的船你就选对了为什么啊因为沉的快呀！什么美女要对比着看呀！什么9527我们没把你当下人只当你是条狗呀！什么我的马子石榴你也敢画让你看看什么叫做真正的画像小弟真是甘拜下风呀！什么藏头诗我为秋香呀！什么兵器榜排行榜第一是小李飞刀他老娘呀！要不是字数限制我还想写更多！,这部片子是我印象里，大概最早的一部喜剧片了吧！现在我才高一，记得家里那时候看这部片子用的还是DVD呢！那时候家人们也不知道星爷，巩俐名气多大。（我还是小孩儿呢，就更不造啦！）只是知道他们是不错的明星！但看这些片子，都是因为喜欢，好看。所以，那时候中央6套演星爷的电影时，家里人就不会抢着换台了，爸爸也是，目不转睛的看着！一起嘻嘻哈哈！很开心！印象较为深刻的还有大话西游，功夫，整蛊专家。现在星爷也很少出新片了，我们一家人也很少坐在一起看电影了，大家都很忙。最近听说星爷有新作品要上映了，期待吧，希望到时候我们一家三口可以又坐在一起看星爷的电影，一起嘻嘻哈哈！",唐伯虎（周星驰 饰）身为江南四大才子之首，却有道不尽的心酸。宁王想让唐伯虎帮其图谋作反，被唐伯虎拒绝意淫结仇。唐伯虎在与朋友出游时，遇到了貌若天仙的秋香（巩俐 饰）并对她一见钟情，决心要到华府当家丁以追求秋香，唐伯虎被取名华安。期间华太师遇到了宁王上门刁难，幸好有唐伯虎出面相助，并暴露了自己是唐伯虎的身份。秋香才知道华安是自己欣赏的唐伯虎。华夫人跟唐家有怨，因此二人便开始斗法。怎料宁王跟夺命书生再次上门，华夫人不是对手，幸得唐伯虎出手，华夫人也答应把秋香许配给唐伯虎。,http://p0.meituan.net/movie/da64660f82b98cdc1b8a3804e69609e041108.jpg@464w_644h_1e_1c,.,唐伯虎点秋香
"历史,爱情,灾难"," “答应我活下去, 答应我,你不会放弃...无论发生什么事,无论环境怎样... Rose,答应我,千万别忘了 。”
这段在冰海上的告白经典毋庸置疑，所有观众的心都在杰克沉入海底的那一刹那心碎不已。
杰克把活着的希望，活着的勇气传给了ross，爱到极致，便是生命的延续;大难临头，方显爱情真挚。当百年的ross把海洋之心归还大海，她心中那份对jack的爱恋，犹如当年在船头飞翔时一样，至死不渝。

《泰坦尼克号》在票房上的统治地位毋庸置疑，全球6亿多美元，一直无敌到詹姆斯卡梅隆必须用自己的《阿凡达》才能打破，总而言之一句话，卡梅隆也许不是最艺术的导演，但一定是最会赚钱，最会玩特效的导演！,这是我人生中第一部电影，那时候是借邻居的dvd来家里看的，那时候的我还不懂轰轰烈烈的爱情，只是被壮烈的画面所感叹，被优雅而悲伤的小提琴声所感染，看着人们一个个无助地从倾斜的船体滑落到冰冷的海水中，人类的渺小仿佛沙漠中的一粒沙，沧海一粟。只感觉:每一个人都有存在的理由，不该就这么匆忙的离去。",1912年4月15日，载着1316号乘客和891名船员的豪华巨轮“泰坦尼克号”与冰山相撞而沉没，这场海难被认为是20世纪人间十大灾难之一。1985年，“泰坦尼克号”的沉船遗骸在北大西洋两英里半的海底被发现。美国探险家洛维特（比尔·帕克斯顿 饰）亲自潜入海底，在船舱的墙壁上看见了一幅画，洛维持的发现立刻引起了一位老妇人（格劳瑞亚·斯图尔特 饰）的注意。已经是101岁高龄的露丝称她就是画中的少女。在潜水舱里，露丝开始叙述当年在船上发生的故事。年轻的贵族少女露丝（凯特·温丝莱特 饰）与穷画家杰克（莱昂纳多·迪卡普里奥 饰）不顾世俗的偏见坠入爱河，然而就在1912年4月14日，一个风平浪静的夜晚，泰坦尼克号撞上了冰山，“永不沉没的”泰坦尼克号面临沉船的命运，罗丝和杰克刚萌芽的爱情也将经历生死的考验，最终不得不永世相隔。老态龙钟的罗丝讲完这段哀恸天地的爱情之后，把那串价值连城的项链“海洋之心”沉入海底，让它陪着杰克和这段爱情长眠海底。,http://p1.meituan.net/movie/0699ac97c82cf01638aa5023562d6134351277.jpg@464w_644h_1e_1c,.,泰坦尼克号
"动画,奇幻,家庭","宫崎骏动画之中给我印象最深刻的一部，也是我看得最懂的一部。久石让的配乐华丽而浪漫
龙猫的戏份并不很多
龙猫是个有着柔软肚子的胖家伙有魔法，有神奇的能力 大白的前身
龙猫开创了萌。尤其是下雨的时候在车站等爸爸回家的那个场景，真是太萌了
1988年拍的电影，2015年拿出来看也不会觉得无趣。这就是经典的魅力把,喜欢宫崎骏的所有动画，包括《龙猫》。似乎宫崎骏的电影总有一种魅力让你百看不厌，无论看了多少次，总是离不开他电影里面的各种情节。精细的画风，流畅的动画，经典的动画形象。在宫崎骏的电影里面总能感受到一片刻的美好。",影片讲述了草壁家姐妹和森林精灵龙猫相识为友的奇遇经历。因母亲草壁靖子（岛本须美 配音）生病住院，草壁梅（坂本千夏 配音）和草壁五月（日高法子 配音）跟着父亲草壁达郎（糸井重里 配音）一起住到了乡下。一天，小梅在院子里捡橡果子玩耍时意外发现了龙猫（高木均 配音）的踪迹，其后她跟随龙猫到了它们栖息的树洞并与龙猫一起玩耍。后来母亲病重，思念母亲的小梅决定独自去医院探望母亲，却在途中迷路。小月四处寻找小梅却怎么也找不到，正在她万分焦急之时碰到了龙猫，龙猫是否会帮助草壁小月找到小梅呢？,http://p0.meituan.net/movie/b03e9c52c585635d2cb6a3f7c08a8a50112441.jpg@464w_644h_1e_1c,.,龙猫
"犯罪,剧情,惊悚","最经典的黑帮电影，属于意大利男人的经典影像,阿尔帕西诺打破了身高和帅的定律",40年代的美国，“教父”维托·唐·柯里昂（马龙·白兰度 饰）是黑手党柯里昂家族的首领，带领家族从事非法的勾当，但同时他也是许多弱小平民的保护神，深得人们爱戴。 因为拒绝了毒枭索洛索的毒品交易要求，柯里昂家族和纽约其他几个黑手党家族的矛盾激化。圣诞前夕，索洛索劫持了“教 父”的参谋汤姆，并派人暗杀“教父”；因为内奸的出卖，“教父”的大儿子逊尼被仇家杀害；小儿子麦克（阿尔·帕西诺 饰）也被卷了进来，失去爱妻。黑手党家族之间的矛盾越来越白热化。年老的“教父”面对丧子之痛怎样统领全局？黑手党之间的仇杀如何落幕？谁是家族的内奸？谁又能够成为新一代的“教父”？血雨腥风和温情脉脉，在这部里程碑式的黑帮史诗巨片里真实上演。,http://p1.meituan.net/movie/f5a924f362f050881f2b8f82e852747c118515.jpg@464w_644h_1e_1c,.,教父
"剧情,惊悚,犯罪","最享受的一次观影！在巨幕厅重温经典，观众素质极高。满座，期间无喧哗，手机基本无声响，手机亮屏也很少见。结束后鼓掌持续半分钟，多数自觉把垃圾带到门口扔掉！享受，真的是享受！,爱是永恒的话题 世间有这样纯粹的爱足矣【娜塔莉·波特曼真的好漂亮",里昂（让·雷诺 饰）是名孤独的职业杀手，受人雇佣。一天，邻居家小姑娘马蒂尔德（纳塔丽·波特曼 饰）敲开他的房门，要求在他那里暂避杀身之祸。原来邻居家的主人是警方缉毒组的眼线，只因贪污了一小包毒品而遭恶警（加里·奥德曼 饰）杀害全家的惩罚。马蒂尔德 得到里昂的留救，幸免于难，并留在里昂那里。里昂教小女孩使枪，她教里昂法文，两人关系日趋亲密，相处融洽。 女孩想着去报仇，反倒被抓，里昂及时赶到，将女孩救回。混杂着哀怨情仇的正邪之战渐次升级，更大的冲突在所难免……,http://p0.meituan.net/movie/e55ec5d18ccc83ba7db68caae54f165f95924.jpg@464w_644h_1e_1c,.,这个杀手不太冷
"喜剧,剧情,爱情","经典影片，棒极了！
,票送给朋友了",欧洲某国的安妮公主（奥黛丽·赫本 饰）到访罗马，国务烦身，但她又厌倦繁文缛节。一天晚上，身心俱疲的她偷偷来到民间欣赏夜景，巧遇报社记者乔（格利高里·派克 饰）。二人把手同游，相当快乐。公主更是到乔的家中作客并在那过夜。不料乔无意中发现了公主的真实身份，他决定炮制一个独家新闻，于是乔和朋友、摄影师欧文（埃迪·艾伯特 饰）一起带公主同游罗马，并且偷拍了公主的很多生活照。然而，在接下来与公主的相处中，乔不知不觉恋上了公主。为了保护公主的形象，乔只能忍痛抛弃功成名就的良机，将照片送予了公主。安妮公主在经历了罗马一日假期后，反而体验了自己对国家的责任，毅然返回了大使馆，为了本身的责任而果断抛弃了爱情。,http://p0.meituan.net/movie/54617769d96807e4d81804284ffe2a27239007.jpg@464w_644h_1e_1c,.,罗马假日
"犯罪,剧情","简直就是穿越过来的基督山伯爵啊！这是我看完《肖申克的救赎》的第一反应。犹记得高中时候天天晚上在被窝打着手电筒看《基督山伯爵》的场景……两个人都太不幸了！同样是年轻有前途的帅哥，同样遭人陷害被判入狱，然后同样在狱中获得各种技能学会N国语言，然后带着恨越狱逃出来换个身份开始新一轮的人生……这当然是个悲伤的故事，但是悲伤之中又总让人感动得热泪盈眶。没有谁的人生是没有磨难的。一死了之固然容易，但那太便宜了那些坏人，死了都难瞑目的。无论遇到怎样的磨难，还是要坚持活下去斗争下去，唯有绝地求生方有还击之机啊！,目前为止最喜欢的电影，没有之一！剧情和演技都想当给力！难以逾越的经典中的经典！hope is a good thing。",20世纪40年代末，小有成就的青年银行家安迪（蒂姆·罗宾斯 饰）因涉嫌杀害妻子及她的情人而锒铛入狱。在这座名为肖申克的监狱内，希望似乎虚无缥缈，终身监禁的惩罚无疑注定了安迪接下来灰暗绝望的人生。未过多久，安迪尝试接近囚犯中颇有声望的瑞德（摩根·弗里曼 饰），请求对方帮自己搞来小锤子。以此为契机，二人逐渐熟稔，安迪也仿佛在鱼龙混杂、罪恶横生、黑白混淆的牢狱中找到属于自己的求生之道。他利用自身的专业知识，帮助监狱管理层逃税、洗黑钱，同时凭借与瑞德的交往在犯人中间也渐渐受到礼遇。表面看来，他已如瑞德那样对那堵高墙从憎恨转变为处之泰然，但是对自由的渴望仍促使他朝着心中的希望和目标前进。而关于其罪行的真相，似乎更使这一切朝前推进了一步……,http://p0.meituan.net/movie/283292171619cdfd5b240c8fd093f1eb255670.jpg@464w_644h_1e_1c,.,肖申克的救赎
"爱情,剧情","你不曾真的离去，你始终在我心里。
Miss You Much Leslie,-可那是戏。

大概是魔怔了。",影片借一出《霸王别姬》的京戏，牵扯出三个人之间一段随时代风云变幻的爱恨情仇。段小楼（张丰毅 饰）与程蝶衣（张国荣 饰）是一对打小一起长大的师兄弟，两人一个演生，一个饰旦，一向配合天衣无缝，尤其一出《霸王别姬》，更是誉满京城，为此，两人约定合演一辈子《霸王别姬》。但两人对戏剧与人生关系的理解有本质不同，段小楼深知戏非人生，程蝶衣则是人戏不分。段小楼在认为该成家立业之时迎娶了名妓菊仙（巩俐 饰），致使程蝶衣认定菊仙是可耻的第三者，使段小楼做了叛徒，自此，三人围绕一出《霸王别姬》生出的爱恨情仇战开始随着时代风云的变迁不断升级，终酿成悲剧。,http://p1.meituan.net/movie/20803f59291c47e1e116c11963ce019e68711.jpg@464w_644h_1e_1c,.,霸王别姬
"剧情,动作,犯罪","感谢重映英雄本色，当年的一个过气明星，一个票房毒药，一个刚刚出名的歌手创造了一个奇迹，我本身是一个荣迷很感谢大家，全程都是回忆，不断的掉泪，谢谢你们。,电影是好电影，哥哥演的必须好看，但是电影院非常差劲，电影都快开始了也没提醒检票，工作人员态度非常差，第一次来国购电影院，以后不会再来了，不想在被恶心到了",宋子豪（狄龙 饰）与Mark（周润发 饰）是一个国际伪钞集团之重要人物，也是情如手足的挚友。宋子豪之弟宋子杰（张国荣 饰）刚刚考入警官学校，其女友钟柔（朱宝意 饰）聪明敏慧，对子杰情深一片。一次，宋子豪带手下谭成（李子雄 饰）去台北与当地黑帮作伪钞交易。不料谭成早已勾结台北黑帮，出卖子豪。在一场枪战中宋子豪受伤，被闻讯而来的警察捕获入狱。Mark得知宋子豪被捕，孤身一人赴台北击毙黑帮头目，自己也身负重伤，艰难地逃离现场。与此同时，台湾黑帮唯恐子豪在狱中向警方泄密，派人至香港绑架子豪之父，混战中老父丧命。宋子豪的弟弟子杰得知兄长原为伪钞集团头目，老父为之而死，遂对子豪及黑社会恨之入骨，决心除暴安良。三年后，宋子豪出狱回到香港，决心弃暗投明，但得不到宋子杰的谅解。当年出卖宋子豪的谭成现已成为老大。他假惺惺地要求宋子豪合作，遭到拒绝，便设计加害宋子杰。宋子豪忍无可忍，联合Mark盗取谭成制造伪钞的电脑软盘，随即交给宋子杰。但同时佯称以软盘与谭成做交易，计划在交易时活捉谭成。岂料谭成早有准备，双方在码头展开枪战。这时，宋子杰也驾车赶来，激战中Mark不幸身亡。警察蜂拥而至，包围了码头。为了不连累宋子杰，宋子豪开枪击毙谭成后，从宋子杰身上取下手铐自缚，向警察自首。两兄弟终于言归于好。,http://p0.meituan.net/movie/3e5f5f3aa4b7e5576521e26c2c7c894d253975.jpg@464w_644h_1e_1c,.,英雄本色
"剧情,爱情,犯罪","杜可风的镜头把张先生的性感展示的淋漓尽致，哪个女仔能忘掉那一分钟！那种浪漫、坚定，眸光闪烁的眼神，经典到无以复加的独舞，能够在影院看到真是一种享受。向死而生的无脚鸟在风里睡觉吧~要记得的我永远都会记得。,Leslie 你还有多少惊喜要给我呢❤️
张国荣 张曼玉 刘嘉玲 刘德华 张学友 梁朝伟
片尾曲「是这样的」梅艳芳     
导演 王家卫
如此阵容 再无别家",1960年代的香港，因生母在阿飞旭仔（张国荣 饰）长大成人过程中的缺失，他把自己优雅地比喻为“无根鸟”，对生命中遇到的每一个女人都表现得放荡不羁，售票员苏丽珍（张曼玉 饰）和舞女咪咪（刘嘉玲 饰）先后令他感受过温暖，可是她们也只能当当小情人。为摆脱沉重和无力感，旭仔抛下一切去南洋找寻生母。暗恋过苏丽珍且目睹过她与旭仔情感一路变化的，曾是小巡警今在跑船的超仔（刘德华 饰）在菲律宾又遇到旭仔，是缘分也是宿命，他参与、见证了阿飞命运被改写的过程。,http://p0.meituan.net/movie/885fc379c614a2b4175587b95ac98eb95045650.jpg@464w_644h_1e_1c,.,阿飞正传
纪录片,"看过最好的自然记录片,没有没完没了的科教讲解，观众有自己发挥思考的巨大空间，特别享受观看的感觉。生存不易，且行且珍惜。",当鸟儿用羽翼去实现梦想，翱翔在我们永远无法凭借自身企及的天空，人类又该赋予他们怎样的赞叹呢？“鸟的迁徙是一个关于承诺的故事，一种对于回归的承诺。”雅克·贝汉以这样一句话带我们踏上了鸟与梦飞行之旅。,http://p1.meituan.net/movie/a1634f4e49c8517ae0a3e4adcac6b0dc43994.jpg@464w_644h_1e_1c,.,迁徙的鸟
"爱情,剧情","看名字以为是简单的爱情片 看海报以为是夫妻相伴一生 看过才知道原来更加深刻 爱情，友情，亲情 全都囊括在内 每一段情都让人动容 值得收藏于老年时同爱人一起看,非常好 很感人 我一个大男人都感动哭了",飘雪的坡道上，送牛奶的老头子金万皙（李顺载 饰）邂逅了收废品的老太太宋怡芬（尹秀晶 饰）。他们的前半生各自背负着艰辛的人生：万皙年轻时我行我素，直到妻子病逝才深觉愧疚；怡芬被心爱的男人抛弃在城市角落，孩子夭折后至老未嫁。两位老人在每天凌晨寂静的街道上相遇，孤独而苦难的生活令他们渐渐靠近。在万皙孙女妍儿（宋智孝 饰）的穿针引线下，如初恋般的悸动萌发在了彼此心中。万皙的朋友、停车场管理员张军峰（宋在河 饰）一直耐心的看护着患有老年痴呆症的老伴。直到有一天，军峰得知老伴已患绝症。目睹她一次次痛苦病发，心如刀绞的军峰做出了悲伤的决定……,http://p1.meituan.net/movie/ed50b58bf636d207c56989872a91f4cf305138.jpg@464w_644h_1e_1c,.,我爱你
"剧情,家庭","眼神的温暖比言语更让人感动。,看的太来气了！！而且电影里没有让我得到发泄的情景",为了方便找工作，妈领着7岁的相宇（俞承浩 饰）去乡下的外婆家，想把他暂时留在那里。外婆（金亦芬 饰）年事已高，不能说话也不识字。而一直生活在城市里的孙子相宇，刚开始无法适应连游戏机、电池都没得卖的乡下生活。他开始蛮横地流露出不满，抱怨这个抱怨那。为了买电池，偷走外婆的银头簪拿去卖；外婆得知孙子想吃炸鸡，却只理解到鸡肉，炖了只鸡给孙子吃，却被生气的相宇踢翻了。老人家默默包容着孙子的一切，渐渐的，相宇也体会到外婆的良苦用心，适应并喜欢上了乡下生活。,http://p1.meituan.net/movie/36a893c53a13f9bb934071b86ae3b5c492427.jpg@464w_644h_1e_1c,.,爱·回家
"冒险,西部","前部分细节设计精妙 主角与tuco几场对峙的上下风置换实在巧妙 后部分人物融入历史背景 个人需求与战争目标双线交汇 一下子提升了格局 结局三人斗枪情境渲染到位 这部电影就一个字 酷,性格迥异的三镖客，他们用自己独到的演技赋予影片最具气质的看点，行走在那个时代的近三个小时，丝毫没有拖沓和疲倦，单调的配乐更是为电影注入一丝神秘。荒漠、牛仔、左轮、绞刑等等鲜明年代的产物，仿身置于如此世界，象征和平的炸桥一段堪称经典，见证述说着这里无穷无尽的故事...",故事发生在美国南北战争时期。图科（埃里•瓦拉赫 饰）是一个图财害命的江洋大盗，因此他被镇上悬赏通缉。布兰迪（克林特•伊斯特伍德  饰）是一个除暴安良的牛仔，他无意中抓住了图科，但嫌赏金不够又掳走了他。在荒漠中，布兰迪惩罚图科让其自生自灭。但是诡诈的图科居然逃过了一劫，并纠集一些帮凶在客栈捉住了布兰迪。正当图科以牙还牙折磨布兰迪的时候，他劫持了一个名叫卡森的士兵。后者临死前留下了宝藏的秘密，图科和布兰迪分别获得了一半信息。与此同时，一个狡猾的杀手桑坦萨（李•范•克里夫 饰）也通过其他渠道发现了宝藏的秘密。于是，在寻宝的道路上，三个人使出浑身解数，上演了一场场对决的好戏……,http://p1.meituan.net/movie/9bff56ed3ea38bb1825daa1d354bc92352781.jpg@464w_644h_1e_1c,.,黄金三镖客
纪录片,"人类是大自然最纠结的发明。但凡在大自然的和谐静美中出现人类的身影，非凶即恶、非恶即丑，一定是地球上最丢脸的存在、最恶心的物种，优胜劣汰、适者生存这样的说法可用来解释自然，但被用作**自然的由头、自我炫耀的工具，一切就变成*了。如果人是不自大狂傲而只是充满好奇心和谦虚的态度，多好。,太赞了！84分钟的电影，每一帧都是享受！这部电影不仅有视觉上的冲击还有更为深层次的思考：与其问到底什么是海洋，也许我们更应该自问，我们到底是谁？","影片讲述了热爱动物又充满幻想的十岁男孩方小奇，由于父母常年在外工作，所以只能在爷爷工作的“极地海洋世界”里度过自己的童年。值得庆幸的是，“海洋世界”里千姿百态的各种海洋动物，让小奇的生活充满了欢乐和幸福。    一天晚上，远在北极的爸爸给小奇来的一封信又使他失望了,信中说我们的科考工作还没完成，因此不能回来给你过生日了。小奇非常难过，便拿着爸爸的信独自来到海豚池边偷偷哭泣。就在这个时候，奇迹发生了！那只平时就跟小奇很要好的小海豚琪琪，突然开口和他‘说话’了！它告诉小奇，它也很难过，天天思念自己的爸爸。两颗心，因为同一种情感被紧紧地联系在一起。    小奇从饲养员那里得知，琪琪是被人类从大海里救回来的。当年它爸爸为了保护它，在和鲨鱼拼搏中受了重伤，现在还不知是生还是死。琪琪的悲惨经历，让小奇决心帮助琪琪找到它的爸爸。    就在小奇和同学们努力准备的时候，琪琪却突然病了。望着不吃不喝的“好朋友”，小奇流下了眼泪。他知道，琪琪的病是因为它见不到爸爸而造成的！情急之下，小奇和维维、洋洋等好朋友把琪琪从“海洋世界”偷运出去，可就在他们的行动将要成功的时候，却被饲养员发现了。小奇不仅被平日里非常疼爱他的爷爷怒斥，还被禁止再来海豚池看琪琪！小奇又气又急，终于也发起了高烧。    小奇怎么也不知道，他和琪琪之间的友谊，他为“海洋朋友”所做的一切努力，同样也打动了一些人的心，他们正在为琪琪重归大海，重见爸爸而暗暗努力着。一段关于人与动物、亲情与友谊、爱与理解的美丽故事，正在那个如梦如幻的海洋世界里上演着……",http://p0.meituan.net/movie/0018b57299d0d4540330a31244c880a9112971.jpg@464w_644h_1e_1c,.,海洋
"爱情,家庭,剧情","十四年前的电影，一百三十七分钟的缓慢的叙述，好的电影，会让生命延长三倍 ，看着别人貌似不相干的生活，实质上是一样的人生。十四年前的我一定是看不懂这个电影的。关于人生，关于人性，导演什么都不说，张爱玲说，长的是苦难，短的是人生，这部片子里的每一个人，没有一个是快乐的。敏敏从山上回来之后，说其实那里也一样，没有什么复杂的。时隔二十多年之后nj再次和初恋情人相遇，他知道自己这么多年爱的人只有她，而且活成了年轻时恋人希望他未来成为的样子，但生活讽刺的让身边的人不再是她，nj说没有必要再活一次了，过去了就是过去了。也许年轻时候一个为爱冲动的决定会影响一辈子的时光，但是我们还是会去做了，因为爱没有迟疑,“婆婆，对不起，不是我不喜欢跟你讲话，只是我觉得我能跟你讲的你一定老早就知道了。不然，你就不会每次都叫我“听话”。就像他们都说你走了，你也没有告诉我你去了哪里，所以，我觉得，那一定是我们都知道的地方。婆婆，我不知道的事情太多了，所以，你知道我以后想做什么吗？我要去告诉别人他们不知道的事情，给别人看他们看不到的东西。我想，这样一定天天都很好玩。说不定，有一天，我会发现你到底去了哪里。到时候，我可不可以跟大家讲，找大家一起过来看你呢？婆婆，我好想你，尤其是我看到那个还没有名字的小表弟，就会想起，你常跟我说：你老了。我很想跟他说，我觉得，我也老了...... ”",NJ（吴念真 饰）是个很有原则的生意人，同妻子敏敏（金燕玲 饰）、女儿婷婷（李凯莉 饰）、儿子洋洋（张杨洋饰）以及外婆住在台北某所普通公寓里。小舅子的一场麻烦婚礼过后，因为外婆突然中风昏迷，他迎来更加混乱的日子。敏敏公司、家里两头跑，时常感觉自己要被耗空；婷婷一直为外婆的中风内疚，恋爱谈到中途发现自己不过是替代品；NJ更是麻烦重重，公司面临破产，他又不愿放下别人眼里一文不值的自尊。一家人里，似乎只有洋洋没有烦恼，他平静地用照相机拍着各种人的背面，帮他们长出另一双眼睛，然而，洋洋简简单单的一句话，道出更深的悲凉。,http://p1.meituan.net/movie/2c0a5fedf4b43d142121b91c6ccabe1b59051.jpg@464w_644h_1e_1c,.,一一
"犯罪,剧情,惊悚","《完美的世界》：虽然故事是个悲剧不完美，但是小男孩与大叔之间的心灵交流却是完美的，克林特伊斯特伍德执导的本片拍出了很高的质量，过程笑料十足却又贴切生活，结尾意料之中却又感动肺腑潸然泪下，对每一个表情和动作的细节描写都是堪称完美的，从某种程度上跟《这个杀手不太冷》很搭配，同时，影片的配乐也是很赞的，小偷或者杀手其实不太坏，每个人都有每个人的优缺点！我把10分都献给克林特伊斯特伍德还有大叔和小男孩！真的被深深地感动到了！,原生态家庭对于孩子的成长影响太大了，看着菲利普，布奇应该像看到了自己小时候一样，因此对他格外怜惜，他希望告诉菲利普他所认知的世界，让他能健康自由成长。虽然他想尽力为菲利普营造一个完美的世界，但最终他倒在了菲利普面前，用最后的生命诠释了这个世界的不完美！结局虽然悲伤，但也合乎情理，只是有一点是可以肯定的：这一路的奇妙旅行将彻底改变菲利普，让他成为勇敢、坚强，敢爱敢恨，自由追梦的人！很棒的电影，很羡慕自由式地教育，用实际行动来告诉孩子生活的真谛！",单亲孩子菲利普·佩里（T·J·劳瑟 饰）的母亲对他管教甚严，8岁的小菲利普甚至从未参加过一次鬼节讨糖果的游戏。附近州监狱的两名罪犯越狱成功，劫持了菲利普作为人质，向德州边界逃窜。途中，罪犯之一的布奇（凯文·科斯特纳 饰）干掉了鲁莽愚蠢的同伙，却对小菲利普照顾有佳。与此同时，德州警探瑞德（克林特·伊斯特伍德 饰）带着手下和州长特派的犯罪专家萨利（劳拉·邓恩 饰）一同火速追捕布奇。双方在德克萨斯州境内展开了一场公路赛大竞技；而小菲利普也经历了很多从未想过过的刺激与快乐，并与布奇产生了一种近似父子的不寻常感情……,http://p1.meituan.net/movie/30310858fdab34c7a17cfd7ec8ad8bfc112201.jpg@464w_644h_1e_1c,.,完美的世界
"动作,冒险,剧情","在那个影响风格只能停留在黑白的年代，黑泽明拍出来如此震撼人心的电影。没有好莱坞式的震撼视觉冲击，却用独特的影像美学和演员们精湛的表演，呈现出史诗般的悲壮。,太完美了，收人那点特别棒，最后引人深思，唯一农民出身的道出了农民最狡猾的真相。最后胜利的果然是农民啊。",日本战国时代，一小山村面临着山贼的威胁，为了保护秋天的收成，村中长老决定让去请武士来保护村子安全，但只能拿出的报酬是一天三顿的白米饭。在城里，他们遭到了武士白眼甚至被打。直到勘兵卫（志村乔 饰）的出现，他现今已沦为浪人，几经考虑最后答应了。他对农民说至少需要七名武士，于是久藏（宫口精二 饰）、胜四郎（木村功 饰）、五郎（稻叶义男 饰）、七郎（加东大介 饰）、平八（千秋实 饰）和菊千代（三船敏郎 饰）等六人也加入了队伍，七个人肩负保卫村子的任务。整个防御准备的过程中，武士与农民间发生许多摩擦也闹出不少笑话。而在一次偷袭行动中，有武士为救农民被火枪打死，很快山贼的反扑随之而来，一场恶战即将开始。,http://p1.meituan.net/movie/73349facab53529ab9e079c6c8c7c059281729.jpg@464w_644h_1e_1c,.,七武士
剧情,"韩国说难听点不过弱国小民，但人家在自省的道路上一直走的很远。看完本片，突然想起了前段时间微博上热议的聂某某冤案，希望以后这样的悲剧不要在发生了，也希望多几个像电影里这样的良心律师。,看完最大感受：真实事件总是比完全虚构更直击人心！
以下可能有剧透 慎读！
很多人都说前面铺垫太长 我不这么认为
男主在成为宋律师之前的种种心酸 比如妻子生产 他结算那点工资赶到医院还要先去厕所拍拍自己身上的灰土
成为宋律师后回到之前的小餐馆和老板娘拥抱 可能我人泪点低 这些都让我觉得很感动
影片最好的地方在于情感 宋律师的每场审判都是声嘶力竭的 让人看着揪心 就怕赢不了 辩护力度不够 这些孩子还要会被这样对待 对 就是揪心
贯穿每场审判的小餐馆老板娘也是泪点所在 自己的孩子啊 要怎么办 最后的审判还换了民族服饰 很好的点
最动容的当然是最后对宋律师的审判 随着辩护人点名电影结束 眼泪不停",1978年，只有高中学历的宋佑硕（宋康昊 饰）通过多年的艰苦努力，终于通过司法考试，并在成为法官后很快转行成为一名律师。他敏锐地从最新政策中嗅到商机，以不动产代书业务起家。虽然被同行讥讽为随时随地派发名片的夜店小弟，但佑硕不以为忤，一步一步朝着心中的目标迈进。他依靠赚来的钱让妻儿过上富足的生活，也还了七年前在饭店大婶那里欠下的良心债。进入20世纪80年代，韩国民主化斗争愈演愈烈。佑硕全然不管窗外事，关起门来继续赚钱。然而社会的巨变已经不容他置身事外，饭店大婶的儿子朴镇宇因从属的釜山读书联合会被控为左翼社团而遭到逮捕，更受到残酷的虐待和不公的指控。虽然爱钱却更重感情的佑硕，就这样走上了为民主辩护的道路……,http://p0.meituan.net/movie/8fabf3894b7d12d3d2f6e66404813670265761.jpg@464w_644h_1e_1c,.,辩护人
"犯罪,剧情","电影节看的电影，不错！,环境真的很重要",巴西里约热内卢的贫民窟，这里是“上帝之城”，更是魔鬼也会叹息着转身的地方。阿炮（亚历山大·罗德里格斯 饰）带着我们到了这里，他见证了这里二十多年来被残暴、贪婪、复仇、野心、背叛、掠夺所裹挟的混乱生活以及最终导致的一场灾难性的黑帮争斗。虽然从小就要辗转于匪徒间求生存，但胆小怕事的性格与自我保护的本能却使他一直能平安度日。60年代初，阿毛、阿夹和阿呆是这里的“少年三侠”，在抢劫完旅馆之后，他们三人分道扬镳，阿夹重回上帝的怀抱，而阿呆和阿毛纷纷付出了生命的代价。70年，当年“少年三侠”手下的小弟小豆子（道格拉斯·席尔瓦 饰）靠着自己的心狠手辣，不停地吞并别人的地盘，成为了贫民区的“小霸王”，生意也从抢劫升级到了更为暴利的毒品买卖，和他一起飞黄腾达的还有班尼（Phellipe·哈根森 饰）。班尼认识了美丽的安迪丽卡（艾莉丝·布拉加 饰），准备归隐，在送别的晚会上，他意外被对头杀害，悲痛之下，“小霸王”集合人手给班尼报仇，帮派之间的厮杀就此开始。此时的阿炮，机缘巧合下成为了杂志社的见习摄影师，他的相机，照下的却是孩子们持枪核弹的狰狞，和帮派间无休无止的仇杀。,http://p1.meituan.net/movie/b553d13f30100db731ab6cf45668e52d94703.jpg@464w_644h_1e_1c,.,上帝之城
"剧情,家庭","　前段时间看《忠犬八公的故事》，看的有些感动，在查阅资料的时候得知了《阿八的故事》。本来是抱着为了完善对这个故事的了解的心态看的这部，看完之后却完全的沉默了。如果说忠犬八公看的我很感动，那阿八则完全看的我心如刀绞。如同大部分的新片儿一样，忠犬八公给我的是轻飘飘的感动。而阿八，是无比沉重的凝固的悲伤。 ,八公的故事感动我们每一个知道他故事的人，这只有名的忠犬用动物的行为感动我们每一个人。影片就像一颗巨大的催泪弹，开始看到的是教授与狗狗的温暖，随着故事的递进，八公的忠诚使我泪如泉涌，感动不已，养狗三日，忠于一生，莫过于此。阿八将一生奉献给了教授，这个如父亲般将他养大给予它温暖和快乐的人，它从来不要求回报，只想每天等教授和教授一起回家，直到它再也蹲不动了。。。故事最后，奄奄一息的阿八看到教授向他再次走来，摸着它的头，笑着说阿八我们回家。。等等，允许我再去哭一会儿。",1923年，日本秋田县大馆市天降大雪，近藤家纯种秋田犬产仔，赠与县土木科长间濑。后者将其中一犬转赠东京帝国大学教授上野秀次郎（仲代达矢 饰）驯养。上野的独生女千鹤子对此欢欣鼓舞，而上野夫妇却面露难色。后来，千鹤子（石野真子 饰）谈恋爱，竟怀了男友的孩子。男友专程登门造访。上野与之对谈，后者诚惶诚恐，坦言要对其女儿负责，事不宜迟，即日便举行婚礼，上野闻听此言，转怒为喜。千鹤子出嫁后，上野旋即把全部的心血与爱都投注在幼犬身上，并取名为阿八。每日上下班，阿八必在涩谷车站等候，一年四季，风雨无阻，令路人叹为观止，成为地方一道风景，主仆之情感动天地……,http://p1.meituan.net/movie/c835b3588d0061ed3b992388a0a96f15160913.jpg@464w_644h_1e_1c,.,忠犬八公物语
"动作,悬疑,犯罪","经过这么多年欧美影视剧中超级震撼画面的熏陶，觉得我是绝对可以挑战任何恐怖片的，怀着休闲的心理去看了恐怖直播，我以为我是去享受视觉轰炸的，可是恐怖血腥画面没有，却承受了一次演技的洗礼。,拍摄的地点是一个直播室 以一个电话贯穿始终 这部电影让我明白了什么叫做一个多余的镜头都没有 在这部电影当中 告诉我们为了个人的利益民众的利益其实算不了什么 到最后还是要有一个替罪羊  而这个所谓的恐怖分子不过是一个想要为自己的父亲赢得一声道歉而已却比登天还难 政府视民众草根生命如草芥 而民众却很可能奉献了一生 电影最后的一个镜头如意料中的一样 他引爆了那栋大楼嘲笑了那些愚蠢的自以为在为了民众实质上不过是为了个人而努力的人 ",韩国首尔某个平凡的早上，广播电台Daily Topic节目的主持人尹英华（河正宇 饰）正就税率改革与听众进行连线，这时一个自称住在首尔昌信洞的普通工人朴鲁圭打入电话，大肆抱怨超高的电费和相关部门对他的威胁。尹英华颇不耐烦，以偏离主题为由强行切断电话。谁知连线无法单方面由电台方面中断，愤怒的朴鲁圭继续抱怨，并扬言炸掉汉江大桥。尹英华不以为然，进而怂恿对方想做就做，谁知话音刚落，窗外的麻浦大桥便炸作废墟。大惊失色的尹英华很快冷静下来，他决定利用这次难得的机会打一次事业的翻身仗。在他的主持下，针对恐怖分子的连线直播就此展开，无关良知的节目拉开帷幕……,http://p0.meituan.net/movie/b5ff0216e689b3fcc065590c48cd5105255305.jpg@464w_644h_1e_1c,.,恐怖直播
纪录片,"看完很难受，想做点什么，却什么也做不了。只有在心里默默祈祷，那些身俱“虽千万人吾往矣”的保护者们永远不受迫害，祈祷他们成功！但愿有一天，人与海豚真正共同拥有这片海洋！这不是为了海豚，更是为了人类自己。因为部分人的一己私欲肆意残害的事情，够多了！,①.《海豚湾》单单从字眼上来理解的话脑海中肯定是带有梦幻般、唯美般的意境，但是事实却往往相反，片名带有讽刺和深刻的含义，将镜头直击日本“屠杀海豚”的现场，暴露了捕杀者的残忍、丑陋、毫无人性的虐杀海豚，突出了海豚性格的温顺和充满智慧，讽刺和揭露了以日本政府为头目的为利益而掠杀海豚、贩卖海豚肉等丑陋的现实。
②.通过镜头的纪实，将一系列屠杀海豚的残忍真相公众于世，血染成河是最残忍的证据，呼吁我们一定要珍惜人类的好朋友——海豚。海豚是温和亲人的、是助人为乐的、是智慧高超的、是声音的王者，我们应该呵护它，而不应该为了利益而屠杀海豚……",日本和歌山县太地，是一个景色优美的小渔村，然而这里却常年上演着惨无人道的一幕。每年，数以万计的海豚经过这片海域，他们的旅程却在太地戛然而止。渔民们将海豚驱赶到靠近岸边的一个地方，来自世界各地的海豚训练师挑选合适的对象，剩下的大批海豚则被渔民毫无理由地赶尽杀绝。这些屠杀，这些罪行，因为种种利益而被政府和相关组织所隐瞒。理查德•贝瑞年轻时曾是一名海豚训练师，他所参与拍摄电影《海豚的故事》备受欢迎。但是，一头海豚的死让理查德的心灵受到强烈的震撼。从此，他致力于拯救海豚的活动。不顾当地政府和村民百般阻挠，他和他的摄影团队想方设法潜入太地的海豚屠杀场，只为将罪行公之于众，拯救人类可爱的朋友……,http://p0.meituan.net/movie/7373dbba07b50ce6f24336edb96b2ea4271536.jpg@464w_644h_1e_1c,.,海豚湾
"动画,奇幻,冒险","孩子们常常会幻想着小人的存在，吉卜力用自己的风格带给了我们一部精美的动画电影。郊外小屋的新客人翔的出现给借东西的小人阿莉埃蒂一家带来了改变，随着阿莉埃蒂和翔的相处，他们之间产生了一种暗暗的情愫。
一切都小了十多倍的阿莉埃蒂的世界和翔所处的真实世界相比是十分有趣的。导演和编剧没让我们失望，微型世界里的东西样样精致而美丽，无论是家还是自然都那么美不胜收。没有跌宕起伏的剧情和大反派，一切都是那么恬静优雅。
淡淡的伤感、暗暗的感动都打造出了独特的日系唯美风格。我们不知道阿莉埃蒂的新家如何，也不知道翔的手术是否成功，影片的戛然而止给我们留下了更多的想象与牵挂，而他们之间那高于友情的感情却能让人为之动容。,你相信这世界上有精灵么？不要笑，虽然现在你长大了是大人了，但你肯定也是从 小长大的。每个人都有小时候，你小时候有这么想过么？反正我是这么想过。只是 我没有电影《借东西的小人阿莉埃蒂》中的翔那么幸运罢了——他能够遇到呆萌可 爱的小人阿莉埃蒂，并能够成为好朋友，虽然不知道他们的最后结局会怎样，但有 这么一段难忘的情谊也是挺美好的。而且很多动画片都不仅仅是给小孩子看的，大 人看了也都感触良多。我发现日本的动画片里有很多类似套路的片子，都是小孩子 邂逅鬼怪精灵一类的故事，小孩子都是纯洁善良要么病恹恹要么带那么点儿莽撞， 鬼怪精灵则都是可爱呆萌的形象看得人也想遇一个。虽然套路相似，故事却各具特色引人入胜",虽然患有心脏方面的疾病，但是少年翔（神木隆之介 配音）的父母依然对他疏于呵护。为了准备即将到来的手术，翔来到了位于偏远乡间的姨婆（竹下景子 配音）家静养。姨婆家位于一片幽静的丛林中，这是一幢有着上百年历史的欧式别墅。这里除了生活着姨婆和女佣阿春（树木希林 配音）外，还有一个奇特的三口之家，“借东西一族”——小人阿莉埃蒂（志田未来 配音）和她的爸爸（三浦友和 配音）妈妈（大竹忍 配音），他们生活在别墅的地板下，只有几公分高，过着不为人类察觉的生活。遇到所需的日常用品时，便会在夜深人静之时偷偷潜入厨房借出来。翔无疑中瞥见阿莉埃蒂的身影，他有心接近这些传说中的小人，却不知不觉打扰了他们的生活……,http://p0.meituan.net/movie/ce262f261f69fc3d679020402336a4af270365.jpg@464w_644h_1e_1c,.,借东西的小人阿莉埃蒂
"剧情,喜剧,家庭","柳承龙一直在银幕上扮演着硬汉的形象，却在这部电影里剪了西瓜头，去扮演一个智商只有6岁的智障男。刚开始看的时候会觉得不过是一部嬉笑怒骂的闹剧，笑料层出，不过也都是老包袱。但是到后面看到父女俩分别的时候，两人隔着牢门的哭喊，眼泪就怎么也止不住了，虽然影片里有很多逻辑硬伤，但是都没办法掩盖住作为一部悲情电影而获得的巨大成功。,其实中国也有很多这种着重于亲情、人性的电影，可惜大部分票房都不过千万、导致后来都一个劲的拍商业片，7号房的礼物在韩国票房超过一千万人次（韩国电影史上超过一千万人次的就十部左右）。我敢肯定同样的题材在中国不超过一千万。除非是像亲爱的那样、优秀导演和知名的优秀演员。",1997年，只有6岁儿童智商的智障男子李龙久（柳成龙 饰）和可爱的女儿艺胜（葛素媛 饰）相依为命，生活虽然简单清贫，却充满幸福。某天，执着为女儿买美少女战士书包的龙久意外卷入一起幼童诱拐奸杀案，而死者竟是警察局长的女儿。龙久懵懂无知，搞不清状况，昏头昏脑就被投入监狱。在7号牢房中，聚集着走私犯蘇杨浩（吴达洙 饰）、诈骗犯崔春浩（朴元尚 饰）、通奸犯姜万范（金正泰 饰）、恐吓犯老徐（金基灿 饰）和抢劫犯申奉植（郑万植 饰）等五毒俱全的“社会渣滓”。龙久孩子般纯洁的心渐渐感动了这几个“大坏蛋”，他们甚至不惜冒险将艺胜带入牢房与父亲相会。黑暗冰冷的监牢内，7号牢房阳光满满……,http://p1.meituan.net/movie/6a6e74b2c289f9fa4433dd2dc04a7741331638.jpg@464w_644h_1e_1c,.,7号房的礼物
"剧情,战争","用小孩子的眼睛观察世界反映纳粹暴行的佳作，两个孩子的友情让人动容也让那些种族主义者羞愧，结局的长镜头压得人喘不过气来，战争和种族歧视到底带来了什么？,一部以儿童为主角却不以儿童为受众的一部电影。布鲁诺本是一个柏林的孩子，因为父亲的工作变动随家人来到乡下，认识了集中营中的希姆尔。就在布鲁诺要离开的那一天，一个大胆的决定造成了一个悲惨的结局。
影片以二战为背景，以一个孩子的视角审视那个时代，片名《穿条纹睡衣的男孩》就是这个视角的体现。导演对此表现的克制而隐晦，但稍微对纳粹有了解的人都会明白其中的含义。男主角阿莎在其中的表演淘气而又纯真，最后的悲剧更为本片提升了一个档次。
尽管犹太资本家确实是欧洲贫穷的一个原因，但是人民百姓又有什么过错呢？残暴的种族主义者，掩饰罪恶的父亲都是不可饶恕的，但真正的罪魁祸首是那个时代病态的欧洲社会，这出悲剧引人深思。",八岁男孩布鲁诺（阿萨·巴特菲尔德 饰）一家随着纳粹军官父亲的一纸调令，由柏林搬迁到了乡下。失去了朋友们的布鲁诺很快对新家附近的“农庄”产生了兴趣，那里有一群身穿“条纹睡衣”的人终日忙碌，并且其中一个为布鲁诺一家服务，他形容肮脏，态度慎微。周遭环境和布鲁诺的举止让母亲暗暗担忧，但纳粹父亲制止家中任何怀疑既定政策的行为。布鲁诺偷偷结识了铁丝网另一边的同龄男孩施穆尔，并时常带给他食物吃。在紧张的家庭氛围和姐姐向成人世界的变化中，施穆尔是布鲁诺惟一的朋友。某日布鲁诺决定，去铁丝网的另一边，以便见到施穆尔的父亲……,http://p1.meituan.net/movie/a0e0426a4390f5ecb49d25770a184dc0150779.jpg@464w_644h_1e_1c,.,穿条纹睡衣的男孩
"爱情,剧情,科幻","目前最喜欢的穿越剧，特别是雨中婚礼那段，所以也成为了海报，虽然有点鸡汤，有点bug，但就是因平凡而感动，跌跌撞撞成长起来的人生才是最美好的，每天都是人生的一段旅程，我们只有一步一步走下去才完整。,在你的人生中，会遇到很多人，错过多少人，但是总有一个人，不管你错过多少次，都会想拼命遇见她！爱上她！让她成为那个你最爱的人！相信不再会有比她更好的人，把握现在，携手一生！相伴到老！",蒂姆（多姆纳尔·格利森 饰）21岁了，他的老爸（比尔·奈伊 饰）告诉他，他们家族的男人都有时光旅行的超能力，可以回到过去。于是蒂姆将信就疑地试了一下，回到了夏天，在那里他试图改变和暗恋对象的关系，却发现怎么穿越时空都不能让不爱你的人爱上你。之后蒂姆来到了伦敦，成为了一个律师。他爱上了一个漂亮的姑娘玛丽（瑞秋·麦克亚当斯 饰），他通过几次时空旅行，努力地想成为玛丽的男朋友。再后来，他又试图通过时光旅行，去挽回一场失败的话剧，去改善妹妹的生活，去更好地和亲人、朋友相处，度过生命中的每一天。,http://p0.meituan.net/movie/4abc8c932cfacfc0089e2883765d02d1295222.jpg@464w_644h_1e_1c,.,时空恋旅人
"剧情,悬疑","《窃听风暴》昭示出来的最重大的意义最强大的震惊：杀手没有动情，人性没有复苏，善良没有战胜邪恶。多纳士马克说，他想通过电影告诉当年的人们：你，是有选择的。然而事实是，没有人选择良心。电影越温情，现实越残酷。多纳士马克还是太年轻太天真了，他应该在影片结束后打上字幕，告诉观众：这段温情从来不曾存在过，这个愿望从来不曾实现过。这样，这部电影才完整，才，够狠。,两条线，两个男人，两个故事，两个互相打捞的故事。丢了一个，彼此的人生都会沉入海底。当剧作家在街头，看到行走在人行道上的特工时，他本可以上前喊住他的。但是终于是没有。就像哈代所言，呼唤的人与被呼唤的很少能互相答应。他们最终选择了沉默地相互记录。",1984年的东德，整个社会笼罩在国家安全局的高压统治之下，特工魏斯曼（乌尔利希·穆厄 饰）奉命监听剧作家德莱曼（塞巴斯蒂安·寇治 饰）及其女友演员克里斯蒂娜（玛蒂娜·杰蒂克 饰）的生活，监听过程中，魏斯曼渐渐对这家人的生活产生了兴趣，开始暗中帮助他们。一篇刊登在西德《明 镜》报上的文章引起了特工头目的注意，他们认为这篇文章是德莱曼写的，并逮捕了克里斯蒂娜，希望能够从她口中得出她丈夫的秘密？而审问克里斯蒂娜的正是魏斯曼……,http://p0.meituan.net/movie/3985eaf3858bea0f2a3d966bf7ee2103178217.jpg@464w_644h_1e_1c,.,窃听风暴
"动画,奇幻,剧情","妖怪有颜就是治愈片，妖怪无颜就是恐怖片╮(╯▽╰)╭,“你绝对不可以碰到我啊”，除了一生一世的最后一回。这些悲伤而又温柔的夏天——绿川幸总是能直戳人心最柔软的地方啊！",某年夏天，6岁小女孩竹川萤来到爷爷家度假，她闯进了传说住满妖怪的山神森林。正当她因为迷路而焦急万分的时候，一个戴着狐狸面具的大男孩出现在她面前，并引领着萤找到回家的路。虽然萤分外感激，可是男孩却禁止她碰触自己的身体，原来这名叫银的男孩并非人类，他一旦被人类碰触就会烟消云散。在此后的日子里，萤和银成为好朋友，他们走遍了森林的每一个角落玩耍。日复一日，年复一年，每到夏天的时候萤就会如约来到森林和好朋友见面。她遵守着和银的约定，无论如何也不碰触银的身体。随着年龄的增长，萤和银对彼此的情感都悄悄发生了变化，他们共同期待相聚的日子，共同期待拥抱对方……,http://p0.meituan.net/movie/5420be40e3b755ffe04779b9b199e935256906.jpg@464w_644h_1e_1c,.,萤火之森
"剧情,家庭","她说：那天，大叔走过来，我想直接走掉，但觉得下雨天应该帮大叔撑伞。人们都说我错了，为什么没有人表扬我？。。。（她懂得很彻底，不是无知，是善良。因为善良，所以才坚强）,看这部电影是因为看完了《熔炉》，抱着长痛不如短痛的想法我还是看了…说实话，这部电影和《熔炉》有很大的差别，《熔炉》色调黑暗，看过小说再看电影有一种窒息感。《素媛》（我觉得《素媛》比《许愿》这个翻译好）的整体基调是柔和的，画面除了前面小女孩受伤害以及后面审判之外都很明亮，但是却让我更为压抑。（不过多剧透）",她（李莱 饰）是一个美丽平凡的小女孩，和爸爸妈妈生活在位于街角的家中。家里经营着以她的名字素媛命名的杂货店，母亲（严智媛 饰）作为老板娘日夜忙碌不得闲暇，父亲则在工厂干着繁重的工作。在那个飘雨的早上，素媛打着雨伞独自上学。在离学校近在咫尺的地方，她遭遇一个相貌猥琐、酒气冲天的大叔，由此开启了她的悲剧之旅。柔嫩的小花遭到暴风雨无情摧残，受伤的岂止枝枝叶叶，更是那迎着阳光无忧成长的心。无良媒体铺天盖地大肆渲染，作为受害者的素媛一家仿佛成了周身污秽的耻辱之人，被四周诧异好奇的目光所包围。妈妈悲痛欲绝，几近崩溃。爸爸全力保护女儿，但受伤的小天使却拒绝爸爸的靠近。问凶之路伴随着天使的治愈旅程，美丽的女孩可会再露灿烂笑容？,http://p0.meituan.net/movie/4cc4c55c29b77b090485ce9943bf6f87274708.jpg@464w_644h_1e_1c,.,素媛
"剧情,家庭","200：这部影片看完让人觉得很踏实，所有的善良都融入在贫穷和乐观中，这才是真正能给人带来力量的电影。最后结尾，有些突然停掉的感觉，很多人评论说想看到姐弟俩欢乐的笑声的画面，但就是这样，明知道无望但又相信哥哥得力量，才真的是亲情的感觉！谢谢这部电影，让我内心平添了温暖：）,你的爱会有同样的爱来回报给你。
他的爸爸在砸糖，他给爸爸泡茶，爸爸让他当一颗糖，小孩问‘你前面不是有那么多’，爸爸告诉他‘这些糖是明天祭祀用的，我怎么能吃呢’。父亲正直。
他们家很穷，及时这样，家里煮了一锅汤也会端给隔壁的孤寡老人，母亲善良。
父亲那天都在努力奋斗，想办法给家里改善生活条件，所以姐弟俩也能体会到别人家的不易，将心比心。

你对世界的爱，最后都会体现在你身上。打败我们的绝对不是贫穷，是你自己对待生活的态度。在可预期的将来，我们的日子将越来越好，不是吗。",家境贫寒的男孩Ali（Amir Farrokh Hashemian）帮妹妹Zahra（Bahare Seddiqi）取修补好的鞋子时，不慎将鞋子弄丢，为了不被父（Mohammad Amir Naji）、母（Fereshte Sarabandi ）责罚，他央求Zahra暂时保密，说两人可以替换着穿他的鞋子上学，并答应一定会帮她买双新鞋子。Ali原本指望用他和父亲进城打工挣的钱帮Zahra买双新鞋，父亲的意外受伤打消了他的美梦。看到全市长跑比赛季军的奖品是一双运动鞋时，Ali决定参加比赛，但是他错过了报名日期。几经哀求，老师（Dariush Mokhtari ）破例让实力出众的Ali参加了比赛。比赛场上，Ali不断提醒自己，一定要得第三名！,http://p1.meituan.net/movie/bc7b6ababa54e11577d45c05e84a33af54072.jpg@464w_644h_1e_1c,.,小鞋子
"喜剧,爱情,奇幻","何谓经典，经典都是不可逾越的鸿沟。
初看时还小，觉得乱七八糟群魔乱舞，完全看不懂中心思想，等到稍大一点的时候再去温习，笑的不能自己，原来TMD是一个喜剧片！然后等到情窦初开，走过爱情的河流，与女朋友分手之后再去看这部电影，瞬间潸然泪下，原来爱一个人真的很痛，原来女朋友在我心里也曾留下过一滴眼泪，只是当时混球一个全然没有发觉，再然后，毕业了工作了，整天起早贪黑的在社会上打拼，偶尔翻出这部电影再看，居然无语凝噎，原来我们在爱情面前不是败给了真爱，而是败给了现实！,你在撒谎，我用真诚；你在搞笑，我却心疼；你扮不羁，我愈深情。飞蛾还是神经病！
我的意中人是个盖世英雄，我知道有一天他会在一个万众瞩目的情况下出现，身披金甲圣衣，脚踏七色云彩来娶我，我猜中了这开头，却没猜着这结局…
如果有一天当你发觉你爱上了一个你讨厌的人，这段感情才是最要命的。可是我怎么会爱上一个我讨厌的人呢？请你给我一个理由好不好？拜托！爱一个人需要理由吗？不需要吗？ 需要吗？ 不需要吗？需要吗？不需要吗？
我有个朋友说，留了东西在我心里，我想看看到底是什么。
原来那个女孩子在我心里留下了一滴眼泪!我完全能够感受到她当时是多么的伤心…
我想念那开头，却无奈这结局",至尊宝（周星驰 饰）被月光宝盒带回到五百年前，遇见紫霞仙子（朱茵 饰），被对方打上烙印成为对方的人，并发觉自己已变成孙悟空。 紫霞与青霞（朱茵 饰）本是如来佛祖座前日月神灯的灯芯（白天是紫霞，晚上是青霞），二人虽然同一肉身却仇恨颇深，因此紫霞立下誓言，谁能拔出她手中的紫青宝剑，谁就是她的意中人。紫青宝剑被至尊宝于不经意间拔出，紫霞决定以身相许，却遭一心记挂白晶晶（莫文蔚 饰）的至尊宝拒绝。后牛魔王救下迷失在沙漠中的紫霞，并逼紫霞与他成婚，关键时刻，至尊宝现身。,http://p1.meituan.net/movie/dc2246233a6f5ac1e34c7176b602c8ca174557.jpg@464w_644h_1e_1c,.,大话西游之大圣娶亲
剧情,"有的电影可以改变国家，有的国家却只能改变电影。,“一部电影可以改变一个国家”！真实事件比电影里更残酷！一个律师通过学校就职的朋友了解到这件事情，二人开始为孩子们维权的时候，朋友遭到暗杀，牵连的法律工作者也失去生命。后来遇到了医生，二人一同找出直接证据，但因各种潜规则并没有受到法律制裁。小男孩拖着一名犯罪者卧轨自杀，病入膏盲的律师在抗诉时被高压枪击倒再也没有起来，医生在抗诉路上走投无路以自杀方式换取公众的关注，并在自杀前留下几万字遗书在网上传播，相继有了小说电影才引起重视！电影上映第37天，国家修改法案“熔炉法”。
全剧给人的感受是悲凉与绝望，剧情触目惊心，本该行使正义的地方背后却行使肮脏交易。该剧不能用好与坏来评价，只剩一句感谢！",来自首尔的哑语美术老师仁浩（孔刘 饰）来到雾津，应聘慈爱聋哑人学校。天降大雾，他意外撞车，维修时邂逅了人权组织成员柔珍（郑有美 饰）。仁浩妻子早亡，8岁女儿天生哮喘由祖母照看，所以他不辞辛苦谋职养家。然而，双胞胎的校长与教导主任竟逼仁浩索贿5千万韩元。同时，仁浩逐渐发现学 校笼罩着一种紧张压抑的气氛，令人窒息。尤其有三个孩子引人关注：聪颖的金妍斗（金贤秀 饰）和贪吃的陈宥利（郑仁絮 饰）总是躲闪。全民秀（白承焕 饰）的弟弟自杀身亡，他总是满脸淤青。下课后，仁浩还听到女厕所中有呼喊与哭泣，在门卫的阻拦下他未深究。之后。他意外目睹了校长行贿警察，教导员毒打民秀，宿导溺罚妍斗的行径。一个惊天的隐秘被慢慢揭开，真相令韩国震惊……,http://p0.meituan.net/movie/40/9791315.jpg@464w_644h_1e_1c,.,熔炉
"传记,喜剧,剧情","很暖心的故事。一段类似恋爱一样的友谊，两个人都经历了与过往经历完全不同的体验。当分别时，发现自己已经被对方改变。绅士和小流氓的反差萌真是屡试不爽，好笑并且动人。,有时候专业的不一定最好，最适合自己的才是最好的",因为一次跳伞事故，白人富翁菲利普（弗朗索瓦·克鲁塞 饰）瘫痪在床，欲招聘一名全职陪护。由于薪酬高，应聘者云集，个个舌灿莲花，却无法打动他的心。直到黑人德瑞斯（奥玛·赛 饰）的出现才让他作出决定。德希斯刚从监狱出来，背负家庭重担，一心只想寻张辞退信以申领救济金，而且他明显对女助理的兴趣要远大于这份工作。但是菲利普还是一眼相中了这个小伙子。于是，德瑞斯开始了一个月的试用期。虽然舒适的豪宅环境让他倍感虚荣，但是他仍面临很多挑战：不仅要为菲利普作身体复健，还得给他洗浴、灌肠、拆信、穿丝袜等。起初，两人的思维方式与价值观大相径庭，但是，随着了解的不断深入，他们成为了朋友……,http://p0.meituan.net/movie/7874ba1378033b0b491df0cc56c43d25221208.jpg@464w_644h_1e_1c,.,触不可及
"剧情,爱情","这部1996年陈可辛的作品今天再看依然经典，它以爱情为主线，讲述了一个时代的变迁，是至今为止在电影院中唯一让我感动到哭的电影，且哭泣的原因不仅仅是那些刻骨铭心的爱情。,小时候看不懂，现在看别有一番滋味，特别是曾志伟为张曼玉纹了一只米老鼠，看的泪奔啊",改革开放初期，黎小军（黎明 饰）告别女友小婷（杨恭如 饰）从无锡来到香港讨生活，期望有天挣到大钱把小婷接来与之风风光光地成婚，没料想日子会比想象中的难熬许多。黎小军在快餐店与同样从大陆到港讨生活但避讳谈自己身份的李翘（张曼玉 饰）结识后，因为共同喜爱邓丽君，两人人在异乡的孤独都有了某种程度的缓解，并在交往的过程中生出了真爱，可是世事难料，两人最终无奈分手，黎小军成了小婷的老公，李翘跟了在黑社会做事的豹哥（曾志伟 饰）。然而因为邓丽君，两人的缘分并没到此为止。,http://p1.meituan.net/movie/8ad5a0f521fb15637dfdf9cab38d414453783.jpg@464w_644h_1e_1c,.,甜蜜蜜
"动作,古装,武侠","经典！！满满感觉到当时武侠片的用心 希望可以有更多这样的机会温习老片,老电影了～看过好多次了～但是～金湘玉出来～还是醉倒了",宦官专权的明朝末年，东厂曹少钦（甄子丹 饰）假造圣旨杀害了忠良杨宇轩，并想斩草除根杀死其后代。侠女邱莫言（林青霞 饰）、江湖义士贺虎（任世官 饰）等人冒死救出忠良后代后，逃至边关沙漠里的龙门客栈，与杨宇轩部下周淮安（梁家辉 饰）会合。龙门客栈实则黑店，老板娘金镶玉（张曼玉 饰）利用乱世，以美貌和风骚作诱饵杀人越货聚敛钱财，但她却为英俊潇洒的周淮安动了真心。为了摸清潜藏于龙门客栈中的出关暗道，周淮安将计就计，答应与金镶玉成亲……,http://p0.meituan.net/movie/9e9f12cfc1f54c973dda6c85bd3a139d334520.jpg@464w_644h_1e_1c,.,新龙门客栈
"喜剧,爱情","每次看到最后我都会哭。就是小水表白的那里。经常会联想到自己。想想自己对他的感情，为了他做了的事情，不多，可是真的好用心。,这部电影感觉很特别，很纯净的爱情故事，也很激励人生，哈哈，在高中那时差不多全班都爱看这部电影，纯净里又有很多幽默的地方，轻松搞笑又对爱情充满憧憬",初中生小水（平采娜·乐维瑟派布恩 饰）相貌平平，家境一般，所以在学校里并不受重视。但是她心地善良，又有一群死党，日子过得倒也开心。某天，她遇见了帅气的学长阿亮（马里奥·毛瑞尔 饰），春心萌动，无 法遏制。她喜欢看他踢足球，看他拍照，如痴如狂。上英语课时，她不停地给死党传纸条 表达对阿亮的爱慕。然而，英语老师则指出她除了英语一无是处。回到家，叔叔从美国捎来了父亲的消息，说如果她能考全校第一，就可以去美国。于是，她按下决心要努力加油。某天，小水等人在买饮料时，碰到篮球队员蛮横插队。阿亮挺身而出，为她们教训了对方，并挨了校长的责骂。小水也第一次听说，阿亮的父亲因为射失点球而退役的事情，理解了他心中的隐痛。由于舞蹈队是给美女准备的，所以小水等一干姐妹准备在话剧社大展身手，没想到学长也来到这个社团。两人还扮演王子公主，他们的恋情会由此展开么？……,http://p1.meituan.net/movie/7ed07b8ea8c0e0d0c7b685d20e3ec64e232004.jpg@464w_644h_1e_1c,.,初恋这件小事
"动作,惊悚,奇幻","下半部从上半部的小范围格斗变成了渲染特效的大规模战斗，场面升级为系列之最。这一部里我们见证了太多人的牺牲，但是胜利之前的牺牲是不可避免的。最后战胜了伏地魔后，看着19年后哈利的孩子坐上火车，记忆又回到了梦开始的地方。,记得那时候片子放完，心里久久不能平静，终究还是要告别的。那个隐忍着爱背负一切伤痛的斯内普教授，终于在结局里正名。那一切为了美好未来而牺牲的人们，夜晚的星空中必定有你们的存在。魔法世界也许从此不再出现在银幕上，但是它永远在我们心里。",当又一次和伏地魔（拉尔夫·费因斯 饰）的意识连通，哈利·波特（丹尼尔·雷德克里夫 饰）断定最后一件魂器藏在霍格沃茨，于是和罗恩（鲁伯特·格林特 饰）、赫敏（艾玛·沃森 饰）一同返回阴云密布的学校。在好友们的帮助下，他们成功驱逐了斯内普（艾伦·瑞克曼  饰），然而觉察到哈利目的的伏地魔则率领徒众向霍格沃茨逼近。食死徒、摄魂怪、巨人疯狂涌入这所有着悠久历史的魔法学校，正邪决战旋即爆发，一时间血雨腥风，死伤无数。从斯内普的眼泪中，哈利不仅了解到父辈的故事，也证实了藏缅于他体内最后的秘密。在此之后，他也和伏地魔迎来了最后的对决……,http://p1.meituan.net/movie/68fa7db99e958c47d7aa07d015845a6f335154.jpg@464w_644h_1e_1c,.,哈利·波特与死亡圣器（下）
"爱情,奇幻,古装","怀念，宁采辰与聂小倩的阴阳爱情。
故事出自《聊斋志异》，原著其实关于聂小倩的故事很短。
这是编剧把黑山老妖，聂小倩，燕赤侠等不同故事，不同情节的故事捏在一起的“倩女”，它给这个幽魂以更饱满的人性，鬼性。比书的原型要好看的多。
也是上世纪，香港鬼片的代表作之一了。本人还喜欢林正英。也很怀念哦。
倩女幽魂，推荐珍藏。,经典中的经典啊！！祖贤版的倩女幽魂是无可超越的，太美了！！我女神！！很好看，小时候最爱看了！",书生宁采臣（张国荣 饰）收账不成，无处可归，遂夜宿鬼寺兰若寺，遇上侠士燕赤霞（午马 饰），二人成为邻居。一日偶遇艳女小倩（王祖贤 饰），二人两情相悦，但小倩乃是被树妖姥姥控制的鬼魂，专门迷惑精壮男子代姥姥吸取阳气。小倩见宁采臣心地善良不忍加害，并与他感情逐渐加深。宁采臣欲救小倩脱离姥姥魔掌，但苦于姥姥功力深厚，小倩无法脱离其魔掌。二人遂向燕赤霞求救......,http://p1.meituan.net/movie/6d0510f326bf145dcf49a901fb949b77278838.jpg@464w_644h_1e_1c,.,倩女幽魂
"爱情,悬疑,奇幻","如果是一部好的片子可以是启发人思考的，值得回味的，演员的表演时用心的，感人的，那么你可以从这部片子里感受到所有的这些亮点。 在这么一个凄美的故事结束时，如果你还有几秒钟去回想一下影片的开头，是什么样的初衷和力量去促使这时光的倒流...那是源于战争,以另一种方式诠释生死，大卫芬奇又一次脑洞大开的将一个爱情故事发挥得神奇而伟大。故事本身包括的含义就有很多重意思，每个人解读的不一样都会有不一样的感受，这就是本片伟大的地方。最好结束的时候，看似是希望的开始，却又能让你潸然泪下。",飓风正在侵袭美国新奥尔良，一位病危的老妇睁开了她的睡眼。老妇名叫戴茜（凯特·布兰切特 饰），她叫女儿凯若琳（朱莉娅·奥蒙德 饰）为她阅读一本日记。这本日记的作者叫本杰明·巴顿（布拉德·皮特 饰）。本杰明出生在第一次世界大战停战之时，但生来便像个老人的他被父亲当作怪物，被遗弃在了养老院。本杰明在养老院与老人们一起生活。但谁都没有想到，本杰明逆向发育——越活越年轻！也许“越活越年轻”是某些人的梦想，但真正这样成长的本杰明却有了别人无法理解的烦恼与快乐。穿越半世纪的世界变革，本杰明身处其中，感受别人感受不到的感受。为何母亲会让自己念这本日记？本杰明·巴顿此人与母亲有什么关系？凯若琳陷入了深深的疑惑与好奇之中。,http://p0.meituan.net/movie/2526f77c650bf7cf3d5ee2dccdeac332244951.jpg@464w_644h_1e_1c,.,本杰明·巴顿奇事
"传记,剧情,战争","好早之前看的片子了。隐隐约约还记得一点儿情节，记得最清的貌似是那个德国军 官拿面包给那个幸存的钢琴家吃，把他藏在楼上，还把自己的大衣脱给他穿。惜才啊，要不是这个德国军官，那位钢琴家再伟大也没机会看到自由的曙光了。大概还记得，貌似是革命者的朋友，把那位钢琴家藏在自己家长久不住的房子里，约好N久给钢琴家送一次食物，有次隔了太久才送，钢琴家都要饿死了。感觉那一段的拍摄细节很好，挺细腻的，而且钢琴家最后瘦的皮包骨头眼窝都黑了，这位演员为了角色也是够拼的了。记得当时看得好感动的说，回头再去看一遍。,这电影应该叫《海上钢琴师》吧，其实听名字就不是大家喜欢的类型，可是这部电影的评分很高，在一个游轮上，锅炉工黑人捡到了一个弃婴，后来发生事故，锅炉工死了，弃婴慢慢的长大了，自学钢琴，很多人慕名而来听他弹琴，也有钢琴家来和他比试，可是游轮靠岸时他却从不上岸，因为锅炉工告诉过他不要上岸，电影的最后游轮使用年限到了要沉海，他的选择就像他钢琴的造诣让人叹服、",史标曼（艾德里安·布洛迪 饰）是波兰一家电台的钢琴师。二战即将爆发之时，他们全家被迫被赶进华沙的犹太区。在战争的颠沛流离中，家人和亲戚最终被纳粹杀害，而标曼本人也受尽种种羞辱和折磨，他侥幸得到一位朋友的帮助，暂时有了藏身之处。战争愈加猛烈，朋友不得不抛下 他回老家寻得安全的住所养育儿女。此时史标曼恶病缠身，却还要在搜捕中逃亡。在废墟的阁楼上他遇见了一名德国军官，在军官的要求下他弹奏了钢琴曲。美妙的琴声令德国军官萌发了恻隐之心，他暗暗帮助标曼直到俄军对波兰的解放到来……,http://p1.meituan.net/movie/484171372de45945e8bbbcc97db57e09136701.jpg@464w_644h_1e_1c,.,钢琴家
"喜剧,动画,冒险","非常好看，太有意思了，不得不佩服人家的想象力和创新思维。 最有意思的是坏人互助协会，太逗了,很好看的电影。虽然是动画片，但搞笑的同时又给人留下很多感动的瞬间。想起很多小时候玩过的游戏…富有想象力和画面美丽的高技术创作。不愧为迪斯尼！很喜欢里面的系统漏洞，人物表情丰富，可爱，俏皮，全力推荐。",无敌破坏王（约翰·C·赖利 配音）生活在一个80年代出品的低精度游戏中。他的设定身份是一个反派，每天的生活就是在游戏《快手阿修》中大搞破坏，其后由玩家操作的英雄人物快手阿修（杰克·麦克布瑞尔 配音） 会及时赶到进行修补，赢得奖牌，包揽一切荣耀。身为反派，破坏王厌倦了自己的生活，眼看阿修被胜利者的光环围绕，自己却日复一日在无趣中过活，他终于决定改变。单纯的他以为只要自己也能得到一枚奖牌，就可以摆脱反派的身份，于是某日在游戏厅歇业后，破坏王偷偷离开了自己的游戏，前去闯荡其他电子游戏的世界。在途中，破坏王结识了来自《英雄使命》的冷酷队长（简·林奇 配音）和来自90年代糖果赛车游戏《甜蜜冲刺》的小女孩云妮（萨拉·丝沃曼 配音）。后者梦想着能上场比赛，但其身份也不允许她梦想成真。破坏王所属的游戏《快手阿修》由于失去了他被认定为系统错误，如不尽快返回，则游戏就会被永久删除；而《甜蜜冲刺》的游戏世界则在悄悄酝酿着一场巨大的、威胁到整个游戏世界的阴谋。这也许是无敌破坏王实现梦想的机会，但也可能是一条不归路…… 他可以扭转乾坤，成为一名真正的英雄吗？,http://p0.meituan.net/movie/fcc17667b8343131101eeb4c67d90bf9150883.jpg@464w_644h_1e_1c,.,无敌破坏王
"动作,惊悚,犯罪","观影《蝙蝠侠前传3》，按理说，这位英雄产自美国，但在影院那两个多小时里，观众多次为蝙蝠侠自发鼓掌，由衷为他欢喜为他忧，你才明白，英雄无国界，英雄属于全世界。悲催的是，看完此片意犹未尽，接着看了《蜘蛛侠》，那狗血剧情和**蜥蜴人，又让人顿悟：有时候，英雄只能有一个。,昨天第一天放映，影片很不错：1、视听效果还可以；2、故事情节简单，打不死的英雄被身边的人陷害；3、影片最让我喜欢的是人性的展现，贪婪、阴险、胆怯与仁爱、果敢、坚强并存；4、英雄主义的回归让人们内心称快，更有一种慰籍，我们需要英雄，无论是精神上的还是现实中的。",八年前，蝙蝠侠（克里斯蒂安·贝尔 饰）在黑夜中销声匿迹，一瞬间，他从一位大英雄变成了一个流亡者。因涉嫌杀害地区检察官“双面人”哈维·登特（艾伦·艾克哈特 饰），黑暗骑士和戈登警长（加里·奥德曼 饰）为了大局着想，牺牲了自己的一切。一时间，他们的努力也一度奏效。在打击犯罪的“登特行动”的重压之下，高谭市的犯罪活动有所遏制。　　但这一切随着狡猾的盗贼猫女（安妮·海瑟薇 饰）的到来发生了改变，她这次的出现肩负着神秘任务。然而危险却不止于此。一个名叫贝恩（汤姆·哈迪  饰），脸戴面具的恐怖分子出现了，他对高谭市的恐怖计划迫使布鲁斯停止了自我放逐。但即使他重新披上蝙蝠侠的战袍，可能也不是贝恩的对手……,http://p1.meituan.net/movie/96bb58f3e9d213fb0438987d16d27561379209.jpg@464w_644h_1e_1c,.,蝙蝠侠：黑暗骑士崛起
"动作,冒险,喜剧","刚从电影院出来，独自一个人，在不太冷的呼和浩特把自己藏在帽子里。本想着去电影院看这部经典会让自己很高兴，但是现在走在马路上却有点想哭的感觉，时间怎么过得这么快！,真是永恒的不能被超越的经典啊，至尊宝爱着白晶晶，白晶晶爱着孙悟空，孙悟空爱着紫霞仙子，紫霞仙子爱着至尊宝。",孙悟空（周星驰 饰）护送唐三藏（罗家英 饰）去西天取经路上，与牛魔王合谋欲杀害唐三藏，并偷走了月光宝盒，此举使观音萌生将其铲除心思，经唐三藏请求，孙悟空被判五百年后重新投胎做人赎其罪孽。五百年后孙悟空化身强盗头头至尊宝。当遇见预谋吃唐僧肉的妖怪姐妹蜘蛛精春三十娘（蓝洁瑛 饰）和白骨精白晶晶（莫文蔚 饰）时，因为五百年前孙悟空曾与白晶晶有过一段恋情，至尊宝与她一见钟情，但因菩提老祖将二人妖怪身份相告，至尊宝仍带领众强盗开始与二妖展开周旋，过程中，白晶晶为救至尊宝打伤春三十娘，自己也中毒受伤，为了救白晶晶，至尊宝去找春三十娘，遭白晶晶误会，绝望自杀，至尊宝开始用月光宝盒以期使时光倒流。,http://p0.meituan.net/movie/92eb862c42c49f8e41e459c369c4512b226610.jpg@464w_644h_1e_1c,.,大话西游之月光宝盒
"爱情,恐怖","阿汤哥最帅气的片！没有之一！是阿汤哥开创了帅气吸血鬼形象，阿汤哥和布拉德皮特那浓浓的基情诱人，场景以及华丽丽的中世纪服饰，每一个画面都是一副油画，不过里面的心机萝莉婊真让人讨厌，不是那萝莉，皮特大叔怎么可能会杀了阿汤哥！心酸啊,我是吸血迷，所有吸血鬼的电影都看过。第一次看《夜访吸血鬼》是在很久很久之前，那时太纯洁了，什么都不懂。后来想想这么一部帅哥云集的片子，一定要再用腐女眼光重看一遍才不辜负啊。后来感觉越看越遗憾，这片子拍的很早，社会还没宽容，腐女也不多。放在现在，或许帅哥的亲密镜头应该更多的……不过，在帅哥最美好的年华拍这部电影也是很赞的。P.S.这是一部很棒的电影，现在还在惊叹影片画面犹如十八世纪油画般，惊叹Brad Pitt和Tom Cruise这两位绝世帅哥的魅力，惊叹影片剖析人性的独特视角……在我眼中，这是一个永远也不会完结的故事。我一直记得他们是吸血鬼，但同样遭受着的人性的纠缠，欲罢不能。",18世纪的路易斯安娜州，丧失妻女痛不欲生的庄园主路易（布拉德·皮特 饰）遇上了吸血鬼莱斯塔特（汤姆·克鲁斯 饰），被其施法变成吸血鬼。路易心存人性，不愿意吸血杀人，靠吸食动物的血为生，而莱斯塔特则一心要把路易斯教导成一个真正的吸血同类。在新奥尔良，路易禁不起诱惑吸了小女孩克萝迪娅（克尔斯滕·邓斯特 饰）的血，而莱斯塔特则不顾路易斯的反对把克萝迪娅也变成了吸血鬼。三个人组成了一个奇特的家庭。几十年过去了，克萝迪娅开始怨恨莱斯塔特剥夺了他真正的人生，她设计杀死了莱斯塔特，和路易周游世界，过着既像父女、又像情人的生活，寻找同类，也寻找着自身存在的意义。在巴黎，他们遇上了以阿蒙（安东尼奥·班德拉斯 饰）为首的一群吸血鬼，聚居在剧院地下，过着和他们迥然不同的生活，阿蒙给了路易许多教导，想成为路易的新伙伴，为此，路易和克萝迪娅之间出现了裂痕，最终，酿成了无可挽回的悲剧。1988年，路易斯返回了新奥尔良，向一个年轻记者马洛伊（克里斯琴·斯莱特 饰）讲述了自己的经历，讲述了吸血鬼长生不死背后的哀伤，不料，马洛伊在听完之后却被深深地吸引，一个新的吸血鬼的故事，将由此开始。,http://p0.meituan.net/movie/7ec873ba943f13e3c63789d899bd0e23256871.jpg@464w_644h_1e_1c,.,夜访吸血鬼
"传记,剧情","第一次转折让我震惊，看了一个多小时，你给我说这是假的？第二次转折，我被深深的感动，一个精神分裂者克服疾病，创造奇迹的感人故事；影片前后照应，最后其他人都围上来给他送钢笔的一幕深深打动了我，或许这就是别人的传奇故事吧！！！
重重点是片尾的那一句“真实故事改编”，被主人公顽强的意志深深折服！记得看的上一部真人真事改编影片还是《当幸福来敲门》。

135分30秒     2018.6.6腾讯视频,个人最喜欢的传记片。纳什幻觉中的三个人跟了他一辈子，晚年的时候仍然清晰的存在，但是他只是习惯了他们的存在并且不去理会他们。我觉得这是一个可以扩大的哲理。虽然这是一部传记的改编，是纳什与精神疾病的抗争史，但是其实我们每个人都有不同类型的“精神疾病”，很多时候这些永远不会消失，我们也要学会不去理会它们。 因为美丽心灵，我认识了纳什，因为纳什我知道了纳什均衡。",本片是关于20世纪伟大数学家小约翰·福布斯-纳什的人物传记片。小约翰·福布斯-纳什（拉塞尔·克劳 饰）在念研究生时，便发表了著名的博弈理论，该理论虽只有短短26页，却在经济、军事等领域产生了深远的影响。但就在小约翰·福布斯-纳什蜚声国际时，他的出众直觉因为精神分裂症受到困扰，然而这并没阻止他向学术上的最高层进军的步伐，在深爱他的妻子艾丽西亚（珍妮弗·康纳利 饰）的鼓励和帮助下，他走得虽然艰缓，却始终没有停步，而最终，凭借十几年的不懈努力和顽强意志，他如愿以偿。,http://p0.meituan.net/movie/7b7d1f8aa36d7a15463ce6942708a1a7265296.jpg@464w_644h_1e_1c,.,美丽心灵
"喜剧,爱情,剧情","必须力荐的一部满分电影 完全不存在任何槽点 为了不剧透只能概述 这是一部美国的青少年感情电影 但是却把男女主角的思绪刻画的极其细腻 完爆国产青春片 首先根本没有青春三要素 宿醉 堕胎 逃课 整部电影积极向上 还涉及亲情 梦想但都是潜移默化 毫不刻意 影片最出彩的就是 每一段都是男女主角配旁白 这样做有两个好处 第一 旁白中可以尽管使用段子 国产片把段子放到对话台词里 真是让人不能忍 简而言之就是不说人话 第二 有些段落都是同一场景 结果发现 他眼中的和她眼中的 竟然大相径庭 整部电影毫无尿点 能达到目不转睛 影片叫做怦然心动 其实心动的是观众 一部满满的传递正能量的电影 ,罗伯.莱纳强势回归！手法流畅洗练，丝毫没有落入俗套和滥情之处。对两小无猜的男孩儿/女孩儿巧妙地互动关系下，呈现出他们不同的性格、观点与差异， 旁白充满纯真、幽默和浪漫，在两者巧妙地互动关系下，也对成长有了一番细腻的描绘。男女主角很萌，一个像莱昂纳多，一个有娜塔莉波曼的气质~",布莱斯（卡兰·麦克奥利菲 饰）全家搬到小镇，邻家女孩朱丽（玛德琳·卡罗尔 饰）前来帮忙。她对他一见钟情，心愿是获得他的吻。两人是同班同学，她一直想方设法接近他，但是他避之不及。她喜欢爬在高高的梧桐树上看风景。但因为施工，树被要被砍掉，她誓死捍卫，希望他并肩作战，但是他退缩了。她的事迹上了报纸，外公对她颇有好感，令他十分困惑。她凭借鸡下蛋的项目获得了科技展第一名，成了全场焦点，令他黯然失色。她把自家鸡蛋送给他，他听家人怀疑她家鸡蛋不卫生，便偷偷把鸡蛋丢掉。她得知真相，很伤心，两人关系跌入冰点。她跟家人诉说，引发争吵。原来父亲一直攒钱照顾傻弟弟，所以生活拮据。她理解了父母，自己动手，还得到了他外公的鼎力相助。他向她道歉，但是并未解决问题。他开始关注她。鸡蛋风波未平，家庭晚宴与午餐男孩评选又把两人扯在了一起……,http://p0.meituan.net/movie/457a35fda360cb72090fa6dcbd1db3c1275333.jpg@464w_644h_1e_1c,.,怦然心动
"犯罪,剧情","四个小时讲述一个人的一生,时长差不多四个小时的电影里，装下了一整个的人生。青春的野心与嚣张，兄弟的义气与背叛，爱情的复杂与迷离，如同一本泛黄的纪念册平摊在世人眼前。配乐依旧是无可挑剔的大师埃尼奥•莫里康内，主线音乐贯穿于始终，引出人们的百感交集。都说往事如烟，但这段美国往事却永不如烟。",二十年代的美国，纽约少年“面条”（罗伯特·德尼罗 饰）和几个同龄朋友一起认识了聪明狡黠的“麦大”（詹姆斯·伍兹 饰），他们开始从事走私活动。不久，面条在一场械斗中杀伤人命，被关进监牢。若干年后，“面条”出狱，当时的小伙伴们已经变成了健壮的青年人，在“麦大”的带领下，他们开始了一系列抢劫、盗窃、敲诈活动。随着犯罪活动的不断深入，“麦大”似乎被胜利冲昏了头脑，竟然把美国联邦储备银行也列入了行动目标。“面条”不忍眼看好友走向毁灭，偷偷打电话报警，想逼迫“麦大”收手。警察与“面条”的朋友展开激烈枪战，“麦大”等人全部被杀。“面条”带着深深的悔恨和痛苦，离开纽约，回到年少时生长的地方。三十五年过去了，几近垂暮的“面条”重新回到纽约的伤心地，他遇见了少时的朋友和旧情人，而当年“麦大”他们的死，背后竟然包含着出乎意料的阴谋。,http://p1.meituan.net/movie/92198a6fc8c3f5d13aa1bdf203572c0f99438.jpg@464w_644h_1e_1c,.,美国往事
"奇幻,悬疑,惊悚","诺兰的这部魔术作品是我所看过的魔术电影中最喜爱的一部。
①.剧情紧凑，影片开头和结尾都提到魔术的三要素，这是全篇的技术线索，贯穿整部剧；
②.两位男主角变幻莫测的魔术将我耍醉了，结尾出人意料的惊奇和经典；
③.两位主角从最初的爱好魔术好朋友因为某种误会而导致了一系列为了追求荣誉和报复而演发成一种危害性命的魔术；
④.表面上是两位主角斗魔术，实质上是关于人性的探索，两位主角各有自己的优缺点，最后终落得个两败俱伤的地步～,玩手游跑去看的。。看过的第一部喜欢不上哪个角色的电影，找不到传统男一号的感觉。结局真是引发深思，查了原著后细思极恐……可以的",十九世纪中后期的伦敦，人们还尚未对现代文明有着更加深刻而科学的认识。因此魔术师这一职业在这座堪称国际化的大都市里有着颇高的地位。尤其是贵族出身的魔术师罗伯特·安吉尔（休·杰克曼 饰）更是这一行业的代表人之一。他的同行阿尔弗莱德·伯登（克里斯蒂安·贝尔 饰）虽身家并没有前者的高贵，却也凭借一身的好本事在行内也占得一席之地。实际上，安吉尔与伯登很小的时候就是好朋友，由于两人皆天资聪慧，双双醉心于魔术表演并各自有着不同的特长和本领。但让长大成人后现实中的一切包括名和利种种，渐渐将一对好友推向了敌对的两面。成了同行里的红眼冤家。为了能够成为伦敦城内著名的维多利亚音乐大厅里最受欢迎的魔术师，安吉尔同伯登之间展开了长久而艰苦的争斗。他们一边加强自己的技艺，一边不惜互派卧底，打探彼此的底细，然后加以揭穿或破坏。生性有些偏执的伯登擅长一种能够令观众们难以置信的分身术，他能够在两个封闭的容器内自由穿越，此招数一度将安吉尔的铁杆观众几乎都吸引了过来。安吉尔自然也不甘示弱，他为了能够打败伯登，开始求助于科学家尼姑拉·特斯拉（大卫·鲍伊 饰），请他发明一些奇特的表演道具，其中就包括一个短距离穿越时空的机器，这样在舞台上，他就能以一种不可思议的方式战胜伯登。然而，争强好胜的伯登心头渐渐起了邪念，他想到了更加狠毒的办法来对抗安吉尔。两人的魔术之争也因此逐渐升级、愈演愈烈，直到他们的争斗酿出了一桩惨不忍睹的血案……,http://p1.meituan.net/movie/75c0d3eb584be030a01f2e26741a8f41251454.jpg@464w_644h_1e_1c,.,致命魔术
"奇幻,冒险,剧情","在pad上看了一次，去IMAX看了一次，奇思妙想，精彩纷呈，很完美的电影。,李安大师的经典之作啊，这还用得着评嘛",故事开始于蒙特娄，也结束于蒙特娄。一名在找寻灵感的作家（拉菲·斯波 饰）无意间得知派·帕帖尔（伊尔凡·可汗 饰）的传奇故事。派的父亲（阿迪尔·胡山 饰）开了一家动物园。因这样特殊的生活环境，少年派（苏拉·沙玛 饰 ）对信仰与人的本性自有一套看法。在派17岁那一年，他的父母决定举家移民加拿大以追求更好的生活，而他也必须离开他的初恋情人。在前往加拿大的船上，他们遇见一位残忍成性的法国厨师（杰拉尔·德帕迪约 饰）。当天深夜在茫茫大海中，原本令派感到刺激无比的暴风雨一瞬间就成了吞噬货船的大灾难。派却奇迹般地活了下来，搭着救生船在太平洋上漂流，而且有一名最令人意想不到的同伴——理查德·帕克，一只孟加拉老虎。神奇的冒险旅程就这样意外开始了……,http://p0.meituan.net/movie/34998e31c6d07475f1add6b8b16fd21d192579.jpg@464w_644h_1e_1c,.,少年派的奇幻漂流
"剧情,战争","《鬼子来了》是中国最好的电影，没有之一。

《鬼子来了》在这部电影之前，我看任何电影电视从来都没哭过。在许多年前的凌晨4点半，我看完了这部第一次让我流泪的电影，哭了半个小时，泣不能声。从此以后，我的泪腺便一发不可收拾。

在14年的上海国际电影节上，姜文获得“华语杰出贡献奖”，但不管是介绍词、背景资料、现场背景屏幕唯独没有出现他的作品《鬼子来了》。

2000年，姜文未通过审查却私自将该片送往第53届戛纳国际电影节参赛（因为姜文心中明白肯定过不了审核的），结果该片却获得了戛纳电影节最高奖评委会大奖这部电影到现在依然被封禁中，并且，姜文受到了五年内不得再当导演的处罚。社会依然和谐，姜文非常有种。,有点儿沉重，不，是相当沉重。一贯的姜氏幽默，影片里笑点儿不少。但是整体看完却有种欲哭无泪的痛感。原来前面的一切铺垫都是陷阱都是假象都埋着雷子，后面留着巨大巨深的无底大陷阱等着你跳进来炸得粉身碎骨呢。心说，人怎么能傻成这样？人家说什么你都信？饿狼披着羊皮说要跟你当朋友你就笑着印上去？可是善良有错么？中国有多少普通老百姓就是这样的单纯和善良啊？难道善良活该被坑？心说，人心怎么可以坏成这样？弱肉强食，惨绝人寰，骂他们都不足以解恨。唉，珍惜和平吧，战争真的会把一切人性都抹杀掉的。",抗日战争末期，河北某偏僻乡村挂家台的老实村民马大三（姜文 饰）迎来棘手难题：某人将分别装有日本鬼子花屋小三郎（香川照之 饰）和汉奸翻译董汉臣的麻袋扔给他，声称不日来取，却迟迟不见其来。厚道的马大三一边将两人当亲爹娘侍奉，一边同村人商议计策，最后决定将两人处死，但终因“天意”不了了之。巧舌如簧的董汉臣为自救，设法令挂甲台村民与花屋小三郎签署合约，称将花屋安全送到日方宪兵队后，村民可得到几大车粮食。马大三与众村民兴高采烈赶到宪兵队，将俘虏交由日方，然而日方并无“以其礼还其礼”的教养。,http://p1.meituan.net/movie/0b507aa44c4dfbbcc91949b69b1b39a168922.jpg@464w_644h_1e_1c,.,鬼子来了
剧情,"当时花了很长时间看《飞越疯人院》，好的电影无论放在哪一个年代都是好电影。
“我与疯子唯一的区别就是，我并没有疯” 
主人公来到疯人院，却发现自身陷入了一个剥夺人格与自由的集中营.于是，正常的他与敌对的压制与反叛对抗不可避免的发生了。严肃话题轻松的表达.问题是结果并不是好的
其实破坏一个制度比建立的一个制度难得多,这个社会就是一个巨大的疯人院，我们每个人都是精神病。",影片讲述了一个被迫送进疯人院的罪犯想带领大家逃离的故事。麦克墨菲（杰克·尼科尔森 饰）为了逃避监狱里的强制劳动，被送进了精神病院。麦克墨菲多次挑战了医院严格的管理制度，受到护士长瑞秋（路易丝·弗莱彻 饰）的百般阻挠。麦克再也无法忍受疯人院的生活，他联合病友，高大的印第安人酋长（威尔·萨姆森 饰）等，开始自己飞越疯人院的计划……,http://p1.meituan.net/movie/4dddd98730274c3b1464ff0a0ad195e5233381.jpg@464w_644h_1e_1c,.,飞越疯人院
"喜剧,动画,冒险","太好看了………,看了之后，才明白为什么网上有那么多人喜欢把那个小胖墩的照片p来传去玩得不亦乐乎。这趟一老一少一屋的飞行历险轻松愉快，小孩儿若去看，当更觉如此。但我们不幸身为大人，快乐程度不免打了折扣。在影片开始的十几分钟里，甚至看得几欲落泪。画面飞速更迭翻转间，一笔一划勾勒的长长一生已然从蒙昧初开走到垂垂老矣，仓促得好似一切都来不及。怎么办呢？影片结束时，我按了播放键，把这开头十几分钟，又静静地看了一遍。",卡尔（爱德华·阿斯纳 配音）是一个以卖气球为生的老头。自从老伴艾丽病逝之后，卡尔就变得沉默寡言起来。回想过去和艾丽在一起的日子，他们曾经多次都梦想着到南美洲的天堂瀑布去探险，可是为生计奔波的两人，却一直没有时间去完成这次旅行。难道就这样抱着遗憾过一辈子吗？这时候，政府计划要在卡尔所住的地方建造一幢摩天大楼，而在这里住了一辈子的卡尔根本不愿意搬家，但政府已经打算将这个难缠的钉子户送到养老院去。卡尔知道政府接下来的打算，他决定，要带着这幢保存了他一生回忆的屋子一起去旅行！在一大堆五颜六色气球的牵引下，整幢房子飞向了空中，卡尔朝着梦想之地进发——不过老卡尔却万万没有想到，这幢飞屋里闯入了一个不速之客，他就是9岁的胖乎乎小男孩罗素（乔丹·长井 配音）。这个小男孩骗老卡尔说是不小心才闯进来的，其实他是因为参加了野外探险者协会，而如果要成为高级会员，必须拿到一枚徽章，而拿到这枚徽章的条件就是帮助一位老人。罗素选中的帮助对象，就是脾气怪怪的老卡尔。老卡尔一开始并不想让罗素跟自己一起旅行，因此策划了很多办法想把这个讨厌的小孩从飞屋里丢下去，但此刻飞屋被卷进了暴风雨云里，卡尔和罗素一起度过了这个难关，罗素也告诉卡尔，他手中的GPS可以让卡尔更加精确的到达旅行的目的地——天堂瀑布。于是，这一老一少的旅途开始了。老不乐意的卡尔在路上还是想了不少办法踢走罗素，最后都无功而返，两人一路斗气地到了南美，在南美的丛林里，他们结识了很多平时根本见不到的动物，有长着长长大嘴的大鸟，还有会说话的小狗……他们都成为了飞屋里的旅客，随着卡尔和罗素一起旅行。眼看就要到目的地天堂瀑布了，爷孙两人却碰上了一个利欲熏心的探险家查尔斯（克里斯托弗·普卢默 配音），查尔斯认为卡尔和罗素破坏了他的好事，因此决定要拆掉他们的飞屋，让他们坠毁……究竟卡尔和罗素如何度过这场危机，顺利地到达天堂瀑布呢？,http://p0.meituan.net/movie/47dd790e19dad72b50580641de5608c5199014.jpg@464w_644h_1e_1c,.,飞屋环游记
剧情,"《闻香识女人》是一部属于男人的片子
阿尔帕西诺依然延续着他教父的影子，看到他的脸我就兴奋，尽管头发白了，眼睛失明，却依然难掩他的非凡魅力。 同样是励志剧，和《心灵捕手》一样 大家都喜欢跳tanggo那段
但在力挽主角的前途的激情演说中，他说了这么一句话： 查理选择不说,他没有为自己前程出卖自己的朋友，这叫做正直，如今我走到人生十字路口，毫无例外，我知道哪条路是对的，但我从不走，为什么？因为妈的太苦了
现实中老爷子说一辈子不退休,经典中的经典，主演阿尔·帕西诺不但是一位影帝，也是教父系列的第二代教父，一位演技精湛令人景仰的演员。
在本片中，阿尔·帕西诺饰演的盲人退役军官弗兰克是一个丰满饱满的人物。一方面，他是个脾气暴躁的“老混蛋”，内心充满痛苦，想要自杀。另一方面，他是一个很有人格魅力的男子，风趣幽默，见多识广，优雅多情，闻香识女人。
两人的关系亦父亦友。弗兰克是查理初入社会的导师，教他了解女人，为他抗辩挽救了他。查理陪伴弗兰克不离不弃，并阻止了弗兰克自杀。
电影中有很多经典片段，比如弗兰克邀请美女跳探戈舞，确是泡妞老手。盲人弗兰克开法拉利飞驰，惊险万分。电影最后弗兰克的演讲激烈犀利，这段话十分精彩，其中道理值得回味！",查理（克里斯·奥唐纳 饰）是一个普通的中学生，他因为见证着一件恶作剧但又不想出卖朋友，于是面临着一道艰难的选择题——要么坦白，要么被学校勒退。而史法兰（阿尔·帕西诺 饰）是一个退伍军官，因为意外失明，人生从顶点的辉煌滑落谷底。自从两人的人生有了交集，命运的转折慢慢清晰。史法兰打算结束失去了意义的生活，于是在查理的陪伴下，尽情享受着人生最后一趟出行。他吃最美味的佳肴，买光鲜的汽车，在狭窄的街道上飚车，住在豪华的套房里，跟随陌生女子的袅袅香水味，跳一段优雅性感的探戈……极乐的疯狂后，他拿枪对准了自己的头颅。然而，查理声嘶力竭的劝阻改变了一切，曙光亦渐渐在这个老人心中重新升起，二人情深如父子。史法兰在学校礼堂激昂演说，挽救了查理的前途，讽刺了学校的伪善。二人在互相鼓舞中得到重生。,http://p0.meituan.net/movie/7cb7965469cb7ff95613714389f1ea3d87743.jpg@464w_644h_1e_1c,.,闻香识女人
"剧情,喜剧,爱情,歌舞","很好看很搞笑很温馨。。。就是这个电影名字太毁了。。。好几次因为这个名字太傻我差点错过这么可爱的一部电影！！！请告诉我不止我一个是这种情况。。。,这么好的电影票房才1000多万实在悲哀，小时代等烂片反而大行其道，印度有史以来最好，没有之一",本片根据印度畅销书作家奇坦·巴哈特（Chetan Bhagat）的处女作小说《五点人》（Five Point Someone）改编而成。法兰（马德哈万 R Madhavan 饰）、拉杜（沙曼·乔希 Sharman Joshi 饰）与兰乔（阿米尔·汗 Aamir Khan 饰）是皇家工程学院的学生，三人共居一室，结为好友。在以严格著称的学院里，兰乔是个非常与众不同的学生，他不死记硬背，甚至还公然顶撞校长“病毒”（波曼·伊拉尼 Boman Irani 饰），质疑他的教学方法。他不仅鼓动法兰与拉杜去勇敢追寻理想，还劝说校长的二女儿碧雅（卡琳娜·卡普 Kareena Kapoor 饰）离开满眼铜臭的未婚夫。兰乔的特立独行引起了模范学生“消音器”（奥米·维嘉 Omi Vaidya 饰）的不满，他约定十年后再与兰乔一决高下，看哪种生活方式更能取得成功。 本片获孟买电影博览奖最佳影片、最佳导演、最佳配角（波曼·伊拉尼）、最佳剧本等六项大奖，并获国际印度电影协会最佳影片、最佳导演、最佳剧情、最佳摄影等十六项大奖。,http://p0.meituan.net/movie/4bb144bc0a674ba6908349018fd092e6330929.jpg@464w_644h_1e_1c,.,三傻大闹宝莱坞
"剧情,爱情,家庭","因为你，我变成这样，爱着你，可却不能公之于众，一直在等待着有那么一天可以被接受。 是我看过的所有同志电影里最好的一部了。对于爱情，性别真的不是问题。电影情节以及角色设定都相当完美。电影感动的背后是需要社会上更多的人来关爱同性恋群体。值得一看,记得在第一次看《断背山》的时候，感觉怪怪的，在后来的后来重新看，两个男人之间看似平淡实质上无比深沉浓烈的爱情 ，表现得不夸张也不矫情。他们初次分开时，恩尼斯故作轻松的言语，当杰克的车影再也看不见的时候，恩尼斯的瞬间崩溃令人无比痛心。杰克离世后，恩尼斯打电话询问，在露琳说杰克要自己一半的骨灰葬在断背山上，瞬间心酸。那里有他和恩尼斯的爱，而断背山就是他们深沉的爱的见证。在后面当两件叠在一起的衣服的时候，让人瞬间就泪奔了。当初恩尼斯知道杰克想要在一起，但是他给不了承诺，从而导致现在的结局，本片背景音乐很简单，但大都是给人淡淡的温馨感觉，《断背山》让我们体会到：爱上一个人，与性别无关。",美国怀俄明州的西部，沉默寡言的农夫恩尼斯（希斯·莱杰 饰）和热情开朗的牛仔杰克（杰克·吉伦希尔 饰）一道被派到山上牧羊，那里人迹罕至，他们只有与羊群为伴，生活单调无味。一个天寒地冻的夜晚，在酒精与荷尔蒙的作用下，他们做了“不该做的事情”，也就此他们在断背山上度过了人生中最美好的时光。季节性放牧结束，迫于世俗压力，杰克和恩尼斯不舍地与对方分离并各自结婚生子。恩尼斯迎娶了自幼相识的阿尔玛，并有了两个可爱的女儿；杰克到了德州，在妻子露琳家族的扶植下事业顺利，还有了个儿子。虽然彼此真心相应，他们只能每年定期约会。一边知情的阿尔玛痛苦无比，而他们又无法满足一年只有几天的团聚。这时意外发生……,http://p0.meituan.net/movie/e71affe126eeb4f8bfcc738cbddeebc8288766.jpg@464w_644h_1e_1c,.,断背山
"动作,冒险,科幻","基努里维斯的一部相当好的影片，很喜欢～
里面很多概念和拍摄手法技巧，思想都给后来的科幻电影，甚至搞笑片提供了很好的素材和借鉴～

希望能看到4的出现，不过，应该不太可能了，母体都完事儿了～～
我就想知道，那些躺着等着变成电池的人类，后来都怎么样了～～

那时候的基努里维斯真帅，一点儿都看不出来当时都40多岁了～保养的真好～～,这部影片讲述了关于已经统治世界的智能电脑（软件、硬件）、渴望自由人类、电脑病毒史密斯和杀毒软件neo的故事。。如果我要是早早看过这部影片，在大学肯定就去修计算机科学与技术了-3-当一名最屌的程序员😁😁",第二集中，尼奥（基努·里维斯 饰）没有能从摧毁内部“母体”，他的身体在真实世界的飞船上陷于昏迷，思想却被困在介于“母体”和真实世界的中间地带，这个地方由“火车人”控制。墨菲斯（劳伦斯·菲什伯恩 饰）和崔妮蒂（凯莉-安·摩丝 饰）等人知道了尼奥的情况，在守护天使的带领下，找到了“火车人”的控制者梅罗纹奇，经过一番激斗，将尼奥救了出来。此时，电子乌贼部队对锡安发起了猛烈的攻击，人类组织所有机甲战士展开顽强的抵抗，形势危在旦夕；尼奥和崔妮蒂驾驶了一艘飞船克服重重困难，到达机器城市，尼奥终于见到了机器世界的统治者“机器大帝”，双发谈判并达成了协议：尼奥除掉不受“母体”控制的史密斯，以换取锡安的和平。在“母体”中，尼奥和史密斯展开了关系人类生死存亡的最后决斗。,http://p1.meituan.net/movie/5ca6ffcbb994a51cd6215e7c4fff2d9b71039.jpg@464w_644h_1e_1c,.,黑客帝国3：矩阵革命
"动作,传记,历史","梅尔 吉布森主演苏格兰争取独立的英雄华莱士真是感人至深 电影中优美的苏格兰风笛非常动听
当华莱士勇敢地带领平明打仗时，我兴奋，当华莱士鼓舞战士们战斗时，我激动 
被处决前横卧断头台最后呼喊自由的不屈场面，无不是真正男子汉的绝对标杆
茉朗的笑容很明朗，苏菲玛索真漂亮
freedom,实至名归的佳作，年代那么久远，文化背景差异那么巨大，还能感受震撼和共鸣。",威廉·华莱士童年时，其父、苏格兰民族英雄马索·华莱士在与英军的斗争中牺牲，他开始接受父亲好友的指导，学习苏格兰文化和武术。青年华莱士（梅尔·吉布森 饰）学成回到故乡，向美丽的少女梅伦求婚，不想梅伦被英军抢去且遭杀害。在广大村民“英雄之后”的呼声中，华莱士率众揭竿起义，并与苏格兰贵族罗伯结成联盟，但不久他发现，苏格兰贵族考虑的只是自身的利益。英王为缓和局势，派伊莎贝拉（苏菲·玛索 饰）前去和华莱士谈判，由于英王只想收买华莱士，根本不顾苏格兰人民的自由和平等，谈判失败，但这一切并不为伊莎贝拉所知。伊莎贝拉归国后发现事情真相，且知晓英王正策划阴招，忙送信给华莱士，而两人的爱情，也在战争与阴谋中悄然滋生。,http://p1.meituan.net/movie/f8e9d5a90224746d15dfdbd53d4fae3d209420.jpg@464w_644h_1e_1c,.,勇敢的心
"喜剧,动画,冒险","看欧美的电影真心推荐原音。刚开始的时候真心的觉得格鲁一定是个大坏蛋，甚至在他收养并利用3个女孩时，都觉得他坏透了。也许是我无意间想到了现实中的某些领养，令我憎恶。但这毕竟还是动画片，温馨和欢乐才是主题。孩子们天真的力量是伟大的，融化了格鲁的心同时也抓住了观众的心，再加上蠢萌蠢萌的小黄人，有谁能不爱呢？,我以为这个电影里演的都是小黄人，结果小黄人只是配角，但超会抢镜",超级坏蛋格鲁（史蒂夫·卡瑞尔 配音）在听说埃及金字塔被盗的新闻后不满市面上新贼辈出，决定在纳法利欧博士（拉塞尔·布兰德 配音）的帮助下建造火箭升空盗取月亮。在向坏蛋银行贷款的过程中，格鲁盗取的收缩射线枪被新贼维克托（杰森·席格尔 配音）抢走。为了夺回收缩射线枪，格鲁决定领养三位孤儿——玛戈（米兰达·卡斯格拉夫 配音）、伊迪丝（达娜·盖伊 配音）和阿格蕾丝（埃尔希·费舍 配音），利用她们进入维克托的城堡兜售饼干的机会实施偷盗，计划成功后再偷偷处理掉三个小孩。然而在平凡的日常相处中，格鲁却发现自己越来越离不开这三个小鬼，但这样的感情用事却将严重影响周密的盗月计划……,http://p0.meituan.net/movie/85c2bfba6025bfbfb53291ae5924c215308805.jpg@464w_644h_1e_1c,.,神偷奶爸
"动画,冒险,喜剧","很惊艳的片子。故事从人与龙的冲突到和平共处，整个情节过渡的很自然。,非常好看，里面的龙种类很多，也很萌，尤其是没牙仔，蠢萌蠢萌的，设定非常新颖有新意，让人眼前一亮，唯一遗憾的事画风实在有点。。。饿，音乐也很棒，驯龙三要上映了，所以回来刷一遍一，追一追剧情，下一个驯龙二，期待。",维京岛国的少年小嗝嗝（杰伊·巴鲁切尔  配音）是部落统领伟大的斯托里克（杰拉德·巴特勒 配音）的儿子，他非常想像自己的父亲一样亲手屠龙——这些飞龙是岛上维京人放牧羊群的主要天敌——但他每次出现在部落屠龙的战斗中都只给大家徒增烦恼。在一次对抗飞龙的战斗中，希卡普偷偷用射龙器击伤了一只最神秘的“夜之怒龙”，并背着族人放生、豢养，甚至驯服了这只龙，还给它起名“无牙”。希卡普的神秘行径引起了一同训练屠龙技巧的女孩阿斯特丽德（亚美莉卡·费雷拉 配音）的怀疑。阿斯特丽德发现了希卡普的秘密，却同时被身骑“无牙”御风而飞的美妙体验所震撼。格雷决定在屠龙成人礼上向远征归来的斯托里克和族人讲明真相，说服大家放弃屠龙，却偏偏弄巧成拙，害得“无牙”被俘，一场更大的灾难就在眼前……,http://p1.meituan.net/movie/8194ae885ed9419aadf35c196af86ba4239039.jpg@464w_644h_1e_1c,.,驯龙高手
"动作,惊悚,犯罪","没说的了，一部比一部好看。两壮男肉搏、还有那不可思议的保险柜，眼睛一分钟离不开屏幕。太震感太精彩！DN,音效 画面都超级赞~等待6！",距离上一次充满激情的速度生涯已经过去了两年，两位驰骋赛车届的风云人物多米尼克（范·迪塞尔 饰）与布莱恩（保罗·沃克 饰）厌倦了见不得光的躲避警察的生活，为了让自己彻底获得自由，他们决定干最后一票来完成这个目标，而任务地点则是巴西的里约热内卢。多米尼克和布莱恩组成了一支终极赛车团队，和当地的触目惊心的腐败政府展开对战，而神秘的第三方势力也插手了他们的交锋。另一方面，声名显赫的FBI探员卢克（道恩·强森 饰）依然在执着的追捕着多米尼克和布莱恩，他率领精英突击队对两人进行了全面围攻，结果在里约大败而归。不过卢克可不是什么好惹的主，彻底被激怒的他决定设下天罗地网，来彻底的围剿多米尼克和布莱恩。在里约的贫民窟和公路上，一场你死我活的惊心追逐就此上演……,http://p1.meituan.net/movie/1d0fa86bcf7a44484b9c16ac6af5be68191952.jpg@464w_644h_1e_1c,.,速度与激情5
剧情,"看完本片，忽然发现剧情跟国产《十二公民》基本没啥出入，基本上是照抄，包括故事背景以及提出的各种疑点为毛一模一样，我决定去改分！

96分21秒    2018.4.26迅雷,绝对经典，中美日俄版都有翻拍，不多说了。想总结一下“辩论类电影”，这种电影通常小成本，以缜密的逻辑叙述和充满历史知识和哲学思考的台词取胜，通常表现为法庭辩论和独角戏诉说，好像相声里的“贯口”或者评书中的“赞儿”我能想起来的除了本作还有...这个男人来自地球，控方证人，一级恐惧，求补充。",一个在贫民窟长大的18岁少年因为杀害自己的父亲被告上法庭，证人言之凿凿，各方面的证据都对他极为不利。十二个不同职业的人组成了这个案件的陪审团，他们要在休息室达成一致的意见，裁定少年是否有罪，如果罪名成立，少年将会被判处死刑。十二个陪审团成员各有不同，除了8号陪审员（亨利·方达 饰）之外，其他人对这个犯罪证据如此明确的案子不屑一顾，还没有开始讨论就认定了少年有罪。8号陪审员提出了自己的“合理疑点”，耐心地说服其他的陪审员，不断进行案件重演，在这个过程中，他们每个人不同的人生观也在冲突和较量……,http://p0.meituan.net/movie/df15efd261060d3094a73ef679888d4f238149.jpg@464w_644h_1e_1c,.,十二怒汉
"剧情,家庭,传记","单亲家庭的孩子是心酸的，不是缺少母爱的滋润，就是缺乏如山的父爱，史密斯为了他的儿子，每天奔波在城市的大街小巷，在寻求生计的情况下通过智慧获得了成功。这又是一部形式主义的电影，奔跑作为电影的综合性象征体现着主人公疲于奔命和心酸的人生路，而智慧，则是通往成功之门的敲门砖。在任何时候，人都要怀抱希望，拥有智慧，一旦拥有这两点，幸福，来敲门了。,这是又一部美国梦，又成就了一位阿甘。它里面的亲情、正能量特别普世，并且在故事叙述上没有什么缺点。理所当然，在十年后与经典们并肩。
值得一提的是，故事的细节和台词都设计得很精致，一点也不落俗。有一个画面我到现在还记忆犹新，Chris穿着唯一的一套西装教儿子打领带,从哪里绕,从哪里穿。这一段逆光拍摄，阳光照进收容所小小的房间里，父子俩都笼在温馨的光晕里。在未知的奔命的一天开始的时候，这么片刻的安宁，显得极其动人。在我的思维定式里，打领带是男孩成立和事业成功的标志。就是这样一幕，是否见证了小Chris的悄然成长，正在以日渐成熟的心志和爱理解支持伟大的父亲并成为另一个他。",克里斯·加纳（威尔·史密斯 饰）用尽全部积蓄买下了高科技治疗仪，到处向医院推销，可是价格高昂，接受的人不多。就算他多努力都无法提供一个良好的生活环境给妻儿，妻子（桑迪·牛顿 饰）最终选择离开家。从此他带着儿子克里斯托夫（贾登·史密斯 饰）相依为命。克里斯好不容易争取回来一个股票投资公司实习的机会，就算没有报酬，成功机会只有百分之五，他仍努力奋斗，儿子是他的力量。他看尽白眼，与儿子躲在地铁站里的公共厕所里，住在教堂的收容所里…… 他坚信，幸福明天就会来临。,http://p1.meituan.net/movie/5896de3c1474277730e321c9b1db04a9205644.jpg@464w_644h_1e_1c,.,当幸福来敲门
"剧情,音乐","喜欢里面的音乐,没有坏学生 只有不称职的老师 中国谈论教师都是严师出高徒 其实不尽然 因为你要出高徒起码你得是个高老师 而现实中我们需要的是像片子里有耐心 循循善诱 理解孩子们的老师 人生得一师足以！",1949年的法国乡村，音乐家克莱门特（杰勒德·尊诺 饰）到了一间外号叫“塘低”的男子寄宿学校当助理教师。学校里的学生大部分都是难缠的问题儿童，体罚在这里司空见惯，学校的校长（弗朗西斯·贝尔兰德 饰）只顾自己的前途，残暴高压。性格沉静的克莱门特尝试用自己的方法改善这种状况，他重新创作音乐作品，组织合唱团，决定用音乐的方法来打开学生们封闭的心灵。 然而，事情并不顺利，克莱门特发现学生皮埃尔·莫安琦（尚·巴堤·莫里耶 饰）拥有非同一般的音乐天赋，但是单亲家庭长大的他，性格异常敏感孤僻，怎样释放皮埃尔的音乐才能，让克莱门特头痛不已；同时，他与皮埃尔母亲的感情也渐渐微妙起来。,http://p0.meituan.net/movie/7cd18fcf0b4f9180500124711e81492994030.jpg@464w_644h_1e_1c,.,放牛班的春天
"动画,动作,奇幻","我们能为这个世界做什么？回想起所有的宫崎骏动画，果然，最喜爱的女性角色就是：娜乌西卡。然后，再次重温《风之谷》，让我更深深折服于宫崎骏高超的导演功力，绝不逊色于黑泽明。而他的想象力，更是常人难以企及。现在开始怀疑，难道我真摆脱不了只要重温宫崎骏动画就必定流泪的命运吗？, 84年宫崎骏和久石让首次合作的成名之作
现在家里还有宫老爷子的这部漫画 年少时曾经想做导演  漫画家 到现在的幻想家 
84年的作品但是其水准到15年中国都没有一部动画片可以超过，无论是内涵，动画，手法
风之谷中自然并不是可爱的自然,巨大的虫子,瘴气,被污染的土地,长满有毒胞子的树木。人类对自然过度的开发导致了这一切 
战争、杀戮、污染，让人类本来就很赖以生存的地球变得更加难以生存。 战争让这个世界变得残破不堪 杀戮是多少家庭自此支离破碎  而所谓的“巨神兵”被拿来当做杀戮的工具没看过强烈推荐
后面科幻巨制 阿凡达 借鉴了其中的不少东西 ",工业文明的高度发展，却最终带来灾难，一场为期7天的虫族毁灭战争摧毁了人类文明。一千年后，工业文明遗留下来的症结仍在困扰这个星球。带有强烈毒性的植物组成了令人望而却步的“腐海”森林，随着时间的推移，腐海有条不紊地向四周蔓延，蚕食周边世界。在一片腐海森林的旁边，居住着一群御风而行的人类。女主角娜乌茜卡和族人依靠海风的力量抵御着有毒孢子的侵蚀，过着平静祥和的生活。直到某一天，战火烧到了这里。西方强国特洛梅意欲重新建立人类霸权，他们计划统一周边诸国，然后向虫族发起总攻。另一方面，一千年前曾主导摧毁人类的上古怪兽“猛怪”重现人间。毁灭战争一触即发，人类的命运将会如何……,http://p0.meituan.net/movie/4f9638ba234c3fb673f23a09968db875371576.jpg@464w_644h_1e_1c,.,风之谷
"动作,剧情,惊悚","很棒的电影，暗示的东西不谋而合,氛围不错，有吃有喝，电影血腥场面有点多，整体还行吧",在未来英国的极权统治下，一位名叫伊维（娜塔莉·波特曼 饰）的年轻女子死里逃生，被一名叫V（雨果·维文 饰）的带面具怪人救出，V具有不可思议的战斗能力，其诡计变化多端，手段极其残忍。当他摧毁了伦敦两个标志性建筑并控制了被政府摆布的电视广播以后，一场革命爆发了。市民被煽动，并企图以起义来对抗政府的专治与镇压。不料，伊维意外的得知了V的神秘背景，同时也发现了关于自己的一个巨大真相，给人们带来的正义与自由却把整个社会推向残酷与堕落的深渊。,http://p1.meituan.net/movie/4a4c84aa103ab47202f1aa907c5542a4128882.jpg@464w_644h_1e_1c,.,V字仇杀队
"动作,科幻,冒险","北京国际电影节imax场，虽然坐在第一排，但还是弥补了上高中没看的遗憾,完美，还想再看呀",战斗中负伤而下身瘫痪的前海军战士杰克·萨利（萨姆·沃辛顿 饰）决定替死去的同胞哥哥来到潘多拉星操纵格蕾丝博士（西格妮·韦弗 饰）用人类基因与当地纳美部族基因结合创造出的 “阿凡达” 混血生物。杰克的目的是打入纳美部落，外交说服他们自愿离开世代居住的家园，从而SecFor公司可砍伐殆尽该地区的原始森林，开采地下昂贵的“不可得”矿。在探索潘多拉星的过程中，杰克遇到了纳美部落的公主娜蒂瑞（佐伊·索尔达娜 饰），向她学习了纳美人的生存技能与对待自然的态度。与此同时，SecFor公司的经理和军方代表上校迈尔斯（史蒂芬·朗 饰）逐渐丧失耐心，决定诉诸武力驱赶纳美人……,http://p1.meituan.net/movie/91f575ec93f019f428d1f33e3ceca7c5115495.jpg@464w_644h_1e_1c,.,阿凡达
"喜剧,动画,冒险","喜欢看好莱坞的卡通片，国内拍的是给三岁小孩看 ，人家拍的是爸妈带着孩子一起看！看过总能明白一些道理！,好有爱的，画面精致，有教育意义，人不该墨守成规的活在心中的那个黑洞里，那里阴暗狭窄，只能苟活，大胆走出去，不畏惧，发现新事物，挖掘新思想，开创新的观念，才能到达所谓的明天〜非常推荐大家看^_^",原始人克鲁德一家六口在老爸瓜哥（尼古拉斯·凯奇 配音）的庇护下生活。每天抢夺鸵鸟蛋为食，躲避野兽的追击，每晚听老爸叙述同一个故事，在山洞里过着一成不变的生活。大女儿小伊（艾玛·斯通  配音）是一个和老爸性格截然相反的充满好奇心的女孩，她不满足一辈子留在这个小山洞里，一心想要追逐山洞外面的世界。没想到世界末日突然降临，山洞被毁，一家人被迫流离失所。展现在他们眼前的是一个崭新绚丽却又充满危险的新世界，四处都是食人鸟兽和叫不出名字的奇怪生物。危机中，他们遇到了游牧部落族人盖（瑞恩·雷诺兹 配音），凭借他超凡的创造力和革新思想，帮助克鲁德一家一次一次躲过重重困难，渐渐取代了老爸的地位，变成克鲁德全家人的偶像，也和小伊暗生情愫。但这个来历不明的神奇男子旅行的目的究竟是神马？在末日来临时，哪里才是一家人的安居之所？就这样，顽固保守的老爸，叛逆的大女儿小伊，神奇男子盖，像小疯狗一样的baby，疯狂老太奶奶，二缺的弟弟，以及温柔的妈妈，一起踏上了寻找新家园的旅途。他们一路上与拳击猴搏斗，与食人花捉迷藏，还差点酿成了森林大火……旅途中，他们与看似凶猛实则很萌的小鳄犬 、鹦鹉虎成为了朋友，一次又一次化险为夷，途中还发明了许多“高科技”产品。一行人在影片中展开了一场闹腾而又惊险的旅程。,http://p1.meituan.net/movie/d5e5e53ef9bbd98223e83df261b51b84103223.jpg@464w_644h_1e_1c,.,疯狂原始人
"动作,悬疑,剧情","生活是什么？或许我们中的大多数人都和诺顿差不多，不断的奋斗，
不停的向上爬，可是完全不知道自己真正所需要的
只是盲目的顺从这个社会，跟着这个社会的步伐在行走
电影片尾，伴随着强劲音乐的爆炸场面，想起来还是让我血脉沸腾。
一幢幢象征物质文明的金融大厦轰然倒塌。
金融系统全部崩溃，所有人都成了一无所有的自由人。从此人人平等
最早接触人格分裂题材的电影 ，很经典,简直是神作，看完完全被震撼",杰克（爱德华·诺顿 饰）是一个大汽车公司的职员，患有严重的失眠症，对周围的一切充满危机感和憎恨。一个偶然的机会，杰克遇上了卖肥皂的商人泰勒（布拉德·皮特 饰），一个浑身充满叛逆、残酷和暴烈的痞子英雄，并因为自己公寓失火而住进了泰勒破旧不堪的家中。两人因缘际会地成为了好朋友，并创立了“搏击俱乐部”：一个让人们不戴护具而徒手搏击，宗旨在于发泄情绪的地下组织。俱乐部吸引了越来越多的人，逐渐发展成为一个全国性的地下组织，而泰勒也以自己个人的魅力，吸引着那些盲目的信徒。俱乐部的成员们到处滋事打架、大肆破坏，泰勒本人的行为也越来越疯狂。 杰克对于“搏击俱乐部”的现况及泰勒的行为越来越无法忍受，和泰勒发生争执，泰勒离开了他。然而，杰克发现，他走到何处都无法摆脱泰勒的影子，他开始思考：我到底是谁？,http://p1.meituan.net/movie/c5e76795bf7a78b12a2ffabb4a0c5c11112921.jpg@464w_644h_1e_1c,.,搏击俱乐部
"动作,冒险,科幻","如果说《盗梦空间》的颜色是介于黑白之间的灰色，其实一点不为过。我承认，第一遍看盗梦空间的时候，完全没看懂诺兰在想什么，等到第二次看的时候，不得不对诺兰的思路和拍摄手法拜服！梦中梦，虚实结合，现实与科幻的互相渲染，也只有诺兰能够想的如此透彻，只有诺兰能把盗梦演绎的如此抓心！在黑与白之间游走，不断挑逗着观众的思维，明暗交替，黑白并道。为诺兰对电影的独特辟解点赞！
评分9.5分,哈哈哈哈哈哈",影片讲述了以道姆·科布为首的盗梦团队为执行拆解费舍尔集团企业的目的，进入集团继承人意识中进行植梦的过程。道姆·科布（莱昂纳多·迪卡普里奥 饰）与同事阿瑟（约瑟夫·戈登-莱维特 饰）和纳什（卢卡斯·哈斯 饰）在一次针对日本能源大亨齐藤（渡边谦 饰）的盗梦行动中失败，反被齐藤利用。齐藤威逼利诱因遭通缉而流亡海外的柯布帮他拆分他竞争对手的公司，采取极端措施在其唯一继承人罗伯特·费舍尔（希里安·墨菲 饰）的深层潜意识中种下放弃家族公司、自立门户的想法。为了重返美国，柯布偷偷求助于岳父迈尔斯（迈克尔·凯恩 饰），吸收了年轻的梦境设计师艾里阿德妮（艾伦·佩吉 饰）、梦境演员艾姆斯（汤姆·哈迪 饰）和药剂师约瑟夫（迪利普·劳 饰）加入行动。在层层递进的梦境中，柯布不仅要对付费希尔潜意识的本能反抗，还必须直面已逝妻子梅尔（玛丽昂·歌迪亚 饰）的处处破坏，实际情况远比预想危险得多……,http://p1.meituan.net/movie/2f344a9f9575edbcae9f0abe0578bc90339773.jpg@464w_644h_1e_1c,.,盗梦空间
"动画,冒险,奇幻","幽灵公主，是宫崎骏最好作品，不论是在创意，镜头，音乐，颜色还是叙事的切入点演绎出气势恢宏的奇幻故事
世间除了人类和动物外，还有一个庞大的力量，是大自然之力，看不见摸不着，发力时却恐怖的巨大，便是片中的鹿神，当人类不自量力贪得无厌侵犯过度时，愤怒的大自然便像愤怒的鹿神一般收割生命
现代人再不加阻止的开发，世界会变成一片荒芜，人类只为了自己的发展，而忘记对世界造成了多少的灾难经历了从沙尘暴到酸雨到雾霾PM2.5的时代 电影中的场景离我们就不远了
喜欢鹿神脚踏万物生的出场,　 宫崎骏作品中矛盾最为尖锐而深刻的一部，延续了他继《风之谷》后的环保观。影片开始，男主阿席达卡骑着麟角马帅气上场，以人类作为线索展开剧情。整片明线是森林中的动物，争取生存与自由而于人类抗争，暗线是阿席达卡与阿珊的爱情。 可惜阿席达卡力量有限，他无法阻止人类和动物那一场迟早的殊死决斗。最后，代表人类的达达拉城和代表自然的森林神兽两败俱伤，一切从新开始。至于未来如何？宫老未指明路，就如阿席达卡在结尾跟幽灵公主所说的：“你在森林，我在达达拉城，我们一起活下去吧。”终究，生存下去才是最重要的，华丽的说教和形而上的哲思在这一刻，不如生存的挣扎与执念扣人心弦，直指人心。",为了拯救危难中的村民，阿斯达卡的右手中了凶煞神的诅咒。他卡只好离开亲人往西方流浪以寻找解除诅咒的方法。旅途中他遇到了由幻姬大人带领的穷苦村民在麒麟兽的森林里开采铁矿，提炼矿石。白狼神莫娜和她养大的人类女孩“幽灵公主”桑对幻姬恨之入骨，因为她们觉得幻姬带领众人破坏了森林。想帮助人类的阿斯达卡被桑深深吸引，他理解她，但为了帮助穷人又不得不和她作战。一次战斗中，阿斯达卡被麒麟兽所救，他的立场更加摇摆不定。这时，以疙瘩和尚为首的一群人来杀麒麟兽，幻姬以火枪击毙了麒麟，麒麟的头被疙瘩和尚抢走。愤怒的麒麟的灵魂为夺回自己的头，大肆破坏着森林。阿斯达卡和桑联手决定帮麒麟夺回头颅。,http://p0.meituan.net/movie/6ab1882a217e848acceb240365043d53329196.jpg@464w_644h_1e_1c,.,幽灵公主
"剧情,动作,爱情","胶片放映 没想到最后结束居然有人带头鼓掌 哥哥走了十五年了 我终于在大屏幕上看到欧阳锋了,简直不能太赞！老片子就应该这样放映才有质感！喜欢这个片子 拍的真好 果然老片子自有一番风味",在恋人（张曼玉 饰）负气嫁给兄长的当晚，欧阳锋（张国荣 饰）黯然离开白陀山，走进沙漠某个小镇，成为一名杀手中介人。他的朋友、风流剑客黄药师（梁家辉 饰）每年都来小镇与他畅饮，酒话里有关白陀山的消息令他忘却往事的念想渐次演变成自欺行为。黄药师只是表面风流。他迷恋好友“盲武士”（梁朝伟 饰）的妻子桃花（刘嘉玲 饰），后者在丈夫死后，永远地离开了他；而对迷恋他的女人慕容嫣（林青霞 饰），他又不愿兑现曾经随口说出的承诺，这使得慕容嫣迷失于自己的身份中。与欧阳锋构成短暂“买凶杀人”关系的洪七（张学友 饰）、村姑（杨采妮 饰）等人，也都有一段只有他们自己才知、不愿回首的痛苦过往。,http://p1.meituan.net/movie/7e471a9171a410ebc9413b2f1de67afc130067.jpg@464w_644h_1e_1c,.,东邪西毒
"动画,奇幻,冒险","或许并非宫崎骏最出众却是最具宫崎骏风格的作品～我们一生都在寻求着自由与心 灵上的安适，如何做到似乎在这部电影中已经找到了答案：一栋房子，一个家庭，一份可以为 之奋斗的爱。我的记忆永远定格在电影末尾那个场景，朴素却唯美，哈尔低头看向苏菲，微风渐起，裙摆飘动，美得动人心魄，让人心灵得到慰藉。很庆幸在这纷扰的世界还有这么一 群人去坚守这那一份纯美的品质和那一份真挚的爱。 爱与希望并存，和平与自由也是我们所 要追寻的。 影片整体依然熠熠生辉。 这部影片把心灵隐喻嵌入童话般单纯的故事框架； 把爱、自由、 和平的现代理念融入唯美抒情的诗意风格，令人耳目一新。,宫崎骏的系列里，印象最深的就是哈儿的移动城堡，和萤火虫之墓，一直都觉得宫崎骏的人物都画的不美，但是随着剧情的推进结局苏菲变回少女的时候，那个时候真是觉得美翻了。。。这是一种很奇妙的感觉",继母因无力负担生活，将苏菲和她的两个姐姐都送到了制帽店去当学徒。两个姐姐很快先后就离开了制帽店去追寻各自的梦想，只有苏菲坚持了下来。一天，小镇旁边来了一座移动堡垒，传说堡垒的主人哈尔专吸取年青姑娘的灵魂，所以小镇的姑娘都不敢靠近。一个恶毒的巫婆嫉妒苏菲的制帽技术，用巫术把她变成了一个80岁的老太婆，而且苏菲还不能对别人说出自己身中的巫术。无奈，苏菲决定独自一人逃离小镇。天黑了，虚弱的苏菲没走多远，来到了移动城堡。心想自己已经是老太婆了，苏菲壮着胆子走进了城堡。不想，遇到了和她遭遇相同的火焰魔。两人约定彼此帮助对方打破各自的咒语……,http://p0.meituan.net/movie/0127b451d5b8f0679c6f81c8ed414bb2432442.jpg@464w_644h_1e_1c,.,哈尔的移动城堡
"剧情,家庭","一个守候与感恩的故事。然后将这种人之常情讲述为狗之常情。时间久了，爱也会成为习惯，连狗都不能免俗。即使主人早已不在，Hachi还是无论刮风下雨，都要默默等候。打动人的不仅是一只狗都有这种真挚的感情，更是当我们作为人类在怀缅一个人时，也总会忘记他早已不在我们身边的事实。,说好不哭的不是么！久久，满脑子还是八公等待的身影和期盼的眼神… 真的感动。在这个复杂现实的社会里，真情何其多？有时人已不是人，狗却是这样的狗！",本影片讲述了忠犬和主人之间的感人故事。八公（Forest 饰）是一条谜一样的犬，因为没有人知道它从哪里来。教授帕克（理查·基尔 饰）在小镇的火车站拣到一只走失的小狗，冥冥中似乎注定小狗和帕克教授有着某种缘分，帕克一抱起这只小狗就再也放不下来，最终，帕克对小狗八公的疼爱感化了起初极力反对养狗的妻子卡特（琼·艾伦 饰）。八公在帕克的呵护下慢慢长大，帕克上班时八公会一直把他送到车站，下班时八公也会早早便爬在车站等候，八公的忠诚让小镇的人家对它更加疼爱。有一天，八公在帕克要上班时表现异常，居然玩起了以往从来不会的捡球游戏，八公的表现让帕克非常满意，可是就是在那天，帕克因病去世。帕克的妻子、女儿安迪（萨拉·罗默尔 饰）及女婿迈克尔（罗比·萨布莱特 饰）怀着无比沉痛的心情埋葬了帕克，可是不明就里的八公却依然每天傍晚五点准时守候在小站的门前，等待着主人归来……,http://p0.meituan.net/movie/7787c10ad5e95b03cf83ef9473500d8e282796.jpg@464w_644h_1e_1c,.,忠犬八公的故事
"动作,历史,战争","影片开头抢滩登陆的情节，为我们再现当年诺曼底登陆时的恢弘和惨烈。枪林弹雨和血肉横飞的情景，让我们更加认识了战争的残酷。
而之后的剧情，则是从一个小的视角出发。米勒中尉率小分队去完成一个特殊任务：不惜一切代价，去拯救一个和他们毫无相关的士兵。当队友一个接一个倒下，小分队里开始质疑这个行动的本身，甚至有人因此而退缩。而当队友临死前哭喊着妈妈，还有面对敌人时的怯懦，我们不能过分地指责，因为这都是人本性的彰显。
当年轻的瑞恩拒绝小队的要求，可以说是他的年少无知，但也可以理解他在得知兄长接连牺牲的噩耗后，更加执着地坚守一个战士的信仰。可留给我们思考的，就是这种“八个换一个”的“壮举”，是否又真的正确？,第一次看的时候激动我心！导演 演员阵容强大无比 和 肖申克监狱 一样难得的 好电影！电影百年 真的出了好多经典 无法超越！",瑞恩（马特·达蒙 饰 ）是二战期间的美国伞兵，被困在了敌人后方。更不幸的是，他的三个兄弟全部在战争中死亡，如果他也遇难，家中的老母亲将无依无靠。美国作战总指挥部知道了这个情况，毅然决定组织一个小分队前往救援，其中包括米勒上尉（汤姆·汉克斯 饰 ）和翻译厄本（杰里米·戴维斯 饰）。然而，敌方危险重重，他们一路上随时与死亡打交道。他们非常怀疑，到底值不值得冒着八个人的生命危险，去搭救一个人。大家一路辗转寻找瑞恩，对于这次搭救行动，有人不满，有人热忱，有人好奇。大家一次次闻到死神的气息，瑞恩的获救付出了沉重的代价。,http://p1.meituan.net/movie/779bcc212a50a2526343362778f6b63c334618.jpg@464w_644h_1e_1c,.,拯救大兵瑞恩
剧情,"看完这部电影，有兴趣当一名流动的电影放映家，希望在各个地方都能看到我为他们分享的电影。也许，电影放映员的意义就在于此。一次的事故让这位放映员失去了双眼，没有了双眼就再也看不到电影中光怪陆离的世界。而有这样的一个男孩他继承了这位电影放映员的衣钵，这个小男孩就在这做小小电影院开始了，自己的电影生涯，在这里领会电影，在这里感受电影，在这里走向电影的世界。所以，除了学院，电影院还是一个为电影界孕育人才的地方，哪个人或许不在电影院，就在去电影院的路上了。还有电影后接吻的场景，真的哭得我泪流满面啊！,174：艾弗多对于多多是真喜欢，亦师亦友亦父子，他知道多多的梦想是电影，但不希望他窝在很小的地方，一辈子过得毫无波澜，梦想毫无实现的机会，造成遗憾，于是他帮多多做了选择。最后的剪辑，是他对多多的爱，保护，且是承诺，直到生命的最后一刻，多多能拥有这样的情感，一辈子虽有遗憾，但也值得了。",意大利南部小镇，古灵精怪的小男孩多多（萨瓦特利·卡西欧 饰）喜欢看电影，更喜欢看放映师艾佛特（菲利浦·诺瓦雷 饰）放电影，他和艾佛特成为了忘年之交，在胶片中找到了童年生活的乐趣。 好心的艾佛特为了让更多的观众看到电影，搞了一次露天电影，结果胶片着火了，多多把艾弗达从火海中救了出来，但艾弗达双目失明。多多成了小镇唯一会放电影的人，他接替艾佛特成了小镇的电影放映师。多多（马克·莱昂纳蒂 饰）渐渐长大，他爱上了银行家的女儿艾莲娜（艾萨·丹尼埃利 饰）。初恋的纯洁情愫美如天堂，但是一对小情侣的海誓山盟被艾莲娜父亲的阻挠给隔断了，托托去服兵役，而艾莲娜去念大学。伤心的多多在艾佛特的鼓励下，离开小镇，追寻自己生命中的梦想……    30年后，艾佛特去世，此时的多多已经是功成名就的导演，他回到了家乡，看到残破的天堂电影院，追忆往昔，唏嘘不已。多多意外地遇见了艾莲娜，往日种种，真相大白，他们如何面对彼此？,http://p1.meituan.net/movie/618e57ddb3173de6bbf2e278946b11f279679.jpg@464w_644h_1e_1c,.,天堂电影院
"剧情,家庭","人为了什么而活着？估计很多人都说不清楚。但是对于福贵而说，就是为了活着而活着。可悲的是，虽然起了个又福又贵的名字，却跟福和贵的生活沾不上边。反倒是厄运连连，气死了自己的亲爹，气跑了自己的老婆，女儿不幸变成了哑巴，儿子意外被同村人撞死……一个接一个的灾难直扑过来，压得人喘不过气来。但张艺谋显然还是留了点儿希望的，最后馒头的出生让人深松一口气：日子会越来越好的。看得很压抑，甚至觉得怎么这么难？跟看《平凡的世界》的时候有点儿像，不得不说，中国的底层劳动人民活得太不容易，也太能忍太有韧性了！,张导把优秀的书改得很好，故事主线不丢，情感上也是连贯极了。说这是中国电影的经典一点也不为过。
活着的故事就像青灰色箱子里的皮影，你总能在尘土里看得出色彩来，皮影被烧了，箱子还可以养小鸭子。绝望里始终包裹着人类来自于本能的希望。乐天知命，这是中国人最深谙的道理。
我总觉得，比起情情爱爱，有大格局的电影更容易成为经典。换一个角度说，在大格局下的情情爱爱会显得格外深刻。《活着》的小说和电影记录了一段特殊的历史，单这一点，即使不论艺术性，也是一桩功德。",影片讲述了曾经的纨绔子弟福贵输光家产后，与家人自力更生，在苦难中坚持“活着”的故事。富少福贵（葛优 饰）嗜赌成性，妻子家珍（巩俐 饰）屡劝无果后带着女儿凤霞离开了他，当夜，福贵输光所有家产。这气死了他的父亲，福贵也被迫变卖母亲首饰，租了间破屋和母亲过活。一年后，家珍手拉小凤霞（张路 饰）怀抱刚出世的儿子有庆（董飞 饰）回到家中，福贵开始靠演皮影戏过起安份守己的日子。但好景不常，内战时期，福贵被国民党抓去当劳工，一番辗转终回到家乡与一家人团圆后却发现凤霞因病变成哑巴，而在后来的大跃进运动和文化大革命中，逆境也一直如影相随。,http://p0.meituan.net/movie/4c41068ef7608c1d4fbfbe6016e589f7204391.jpg@464w_644h_1e_1c,.,活着
"动作,科幻,惊悚","从未有任何一个反派角色能令人如此动容，——相比小丑透彻的邪恶，“双面人”哈维只是仇恨，《蝙蝠侠：黑暗骑士崛起 》的“钢嘴”贝恩只是为爱，《蝙蝠侠归来》“企鹅人”只是人格扭曲，——时隔四年，Michael Caine更老了,这部电影一直是我心里的最佳影片。诺兰在诉求商业的基础上，为观众们带来一场心灵盛宴，而希斯莱杰版小丑的惊艳亮相则成为无法超越的一道鸿沟。最后两船停在海面上的片段简直是电影的最佳高潮。配乐、剪辑、场景无与伦比，是我心中最好的诺兰。",从亲眼目睹父母被人杀死的阴影中走出来的“蝙蝠侠”，经历了成长之后，已经不再是那个桀骜不的孤单英雄了。在警官吉姆·戈登和检查官哈维·登特的通力帮助下，“蝙蝠侠”无后顾之忧地继续满世界的奔波，与日益增长起来的犯罪威胁做着永无休止的争斗，而他所在的高谭市，也是进展最为明显的地方，犯罪率以一种惊人的速度持续下降着，毕竟对方是能够上天入地的“蝙蝠侠”，不借两个胆子谁还敢造次呢？不过像高谭这种科技与污秽并存的城市，平静是不可能维持太久的，果不其然，新一轮的混乱很快就席卷了整个城市，人们再一被被恐慌所笼罩着，而声称愿意为这一切负责的，自然就是所有混乱的源头以及支配者--“小丑”了。先不管“小丑”掀起一个又一个犯罪的狂潮的最终目的为何，他的企图都是邪恶的，所作所为更是早就危害到了高谭市民的正常生活……其中自然包括了“蝙蝠侠”身边几个非常重要的人，而他需要做的，就是将这股新的危机全部亲自用手捏得粉碎。然而在面对着这个有史以来最具针对性、最恶毒的对手时，“蝙蝠侠”却不得不从他的地下军械库里搬出每一件能够用得上的高科技武器，还得时刻纠结着为他曾经信仰的一切寻找答案。,http://p0.meituan.net/movie/d12a1c198ad9ffac72b5db57feacb449294699.jpg@464w_644h_1e_1c,.,蝙蝠侠：黑暗骑士
"喜剧,科幻,动画","瓦力为什么能泡到伊瓦？ 
1，瓦力有房子 
2，瓦力是文艺青年爱电影 
3，瓦力有收藏爱好懂情趣 
4，瓦力会浪漫够体贴懂女人心 
5，瓦力是个工作狂让女人觉得此人很上进 
6，最后一点也是最重要的四字真言：死缠烂打。
当年喜欢瓦力的都转向大白了
安德鲁·斯坦顿果然还是适合导动画片，想起了票房大败的异星战场,用心说爱你
这个电影真的让我觉得超温暖，两个机器人，唯一的语言交流就是互相叫对方的名字，但只是一声名字，就包含了千言万语的情感！(๑•̀ㅂ•́)و✧
这个电影不愧是口碑最好的动画了！两个机器人可以说是两小无猜式的爱情深深的打动了我们~！除了瓦力的无邪带给大家的心灵洗礼外，这个电影还包含着更深层次的思想！人类在机器人的帮助下几乎丧失了生活能力，万事只能靠机器人，然而当人类真的去关注那些看似平凡的事物时，人类又能发现原来生活的美离自己那么近！
结局是美式大团圆~人类回到了自己的家园，机器人们也有了幸福的生活！
瓦力用自己的善良与烂漫换来了真挚的爱情！！很赞！！(๑•̀ㅂ•́)و✧",影片讲述了遥远的未来发生在两个机器人之间的关于爱和希望的故事。公元2805年，人类已迁离满布垃圾的地球。约七百年前，大型企业“大卖家”（BnL）鼓吹的无节制消费主义制造了大量垃圾。为净化地球，人类迁居外太空，留下多台环境清理机器人“瓦力”（本·贝尔特 配音）进行清扫作业。数百年后，地球只余下一台仍然运作的瓦力。他日日夜夜孤独地工作，一天，他发现了一株正在萌芽的植物。没过多久，一台新型探测机器人“伊娃”（艾丽莎·奈特 配音）降落地球进行盘查作业。瓦力对伊娃一见钟情，带她回家并向她展示自己囤积了多年的收藏品。出乎意料的是，伊娃探测到植物后立即进入休眠状态，瓦力用尽方法都不能让她苏醒。其后一艘太空舰前来接收伊娃，瓦力勇敢地攀附在太空舰外壁随之进入太空，到达了人类居住的太空船“公理号”……,http://p1.meituan.net/movie/4592eef6b6dffcd1d950f55f41ab098f239816.jpg@464w_644h_1e_1c,.,机器人总动员
"剧情,惊悚,犯罪","无愧经典，看多少次都会被震撼,学影视的一定要在荧幕上看的，感受一下好的电影重在细节……虽然比不上第一部，但也是非常好的",影片主要讲述第二代教父麦克·柯里昂（阿尔·帕西诺 饰）的奋斗历程，同时回忆了第一代教父维多·柯里昂（罗伯特·德尼罗 饰）创业的艰辛，反映了不同历史时期，两代教父的事业、家庭生活。麦克为儿子托尼举行圣餐仪式和庆祝活动的当夜，麦克在家中遭到袭击，凶手被人灭口，面临接管家族事业以来的重重危机，麦克回忆起了父亲维多·柯里昂年轻时在美国的创业历程。麦克一边调查袭击的真相，一边继续开展赌博、酒店等生意，和另一个黑帮人物海门罗斯斗智斗勇，不断扩大势力。终于，麦克的不法行为引起了政府的关注，麦克受到一系列的指控；同时，麦克的家庭也遇到了危机，夫妻感情濒临破裂；而最让麦克痛心的，却是家族中，亲人的背叛。和第一代教父其乐融融的家庭生活比起来，麦克无疑很失败。麦克怎么样面对事业、家庭的双重危机？为什么两代教父会有截然不同的家庭生活？让我们自己在影片中寻找答案。,http://p1.meituan.net/movie/7bac8bfa6739c18620065132ce9c64fa85110.jpg@464w_644h_1e_1c,.,教父2
"动作,冒险,奇幻","第二部应该是三部曲里面最激动人心的一部了，圣盔谷之战各大种族齐聚首煞是精彩。无论是复活的甘道夫，神兵天降的树人还是骁勇善战又逗逼有爱的三人组都引人入胜。故事在双线上切换自如，弗罗多一行与正义联盟的一方起到了相互映衬的作用，相比较而言弗罗多的经历虽然不如联军宏大刺激，但是其险象环生，在魔戒的诱惑下面对自己内心这个最强大的敌人着实不易。我想每个人都要学会面对自我，抵制各种诱惑，不被欲望所支配，这也是作者最想要表达的一点,正是这部电影引领我走进了魔幻电影、欧美电影的大坑，从此流连忘返于中土世界。当时没有看第一部直接看的双塔奇兵，但并没有太多的疑惑，可见PJ导演的叙事功底。（当然建议大家一定要按顺序观看，既然霍比特人三部曲也已完结，我个人建议按照霍比特人123指环王123的顺序观看）这个系列电影不仅仅开创了很多电影特效拍摄手法的先河，我觉得其最难能可贵之处在于讲述了一个关于友谊、信赖、责任与勇气的恢宏史诗故事，即使再渺小的人，也能改变世界，这本身足够鼓舞人，观众可以从电影里领悟很多。强烈推荐！",第一部结尾，博罗米尔被强兽人杀死之后，两个哈比族人皮平和梅利也被强兽人绑架，阿拉贡（维果·莫特森 饰）、莱格拉斯（奥兰多·布鲁姆 饰）、金雳一路追踪强兽人，营救皮平和梅利，遇到了“复活”的白袍巫师甘道夫（伊恩·麦克凯伦 饰）。此时，投降索伦的白袍巫师萨鲁曼控制了人类洛汗王国的王，并派出大量的强兽人军队，准备消灭人类。阿拉贡、莱格拉斯和金雳在甘道夫的带领下，帮助洛汗王国对抗邪恶力量的入侵。 幸运的皮平和梅利被会说话的树人救了出来，并且遇到“复活”的甘道夫，在甘道夫的授意下，树人保护了两人的安全，并且带他们参加树人大会，大会上，树人们讨论对待中土大战的态度：是继续当中立者，逆来顺受，还是奋起反抗？ 身负重任的弗罗多（伊利亚·伍德 饰）和山姆继续向末日山前进，一路上被咕噜跟踪，弗罗多依靠至尊魔戒的力量，成为了咕噜的主人，在咕噜的带领下，他们到了末日山的入口黑门。就在他们准备进入之时，博罗米尔的弟弟法拉米尔出现，将他们带回了刚铎。弗罗多又遇上了新的危机：法拉米尔想利用至尊魔戒的力量对抗萨鲁曼的攻击……,http://p0.meituan.net/movie/5cfa597a98b35ee4ee598695942641ba287922.jpg@464w_644h_1e_1c,.,指环王2：双塔奇兵
"犯罪,悬疑,惊悚","香港最牛的警匪片12年前的电影，虽然由小李子和马特达蒙翻拍得了奥斯卡但还是原版经典
香港最强卡死明星云集，喜欢这部片子的剪接，摄影并行穿插的两条线，明暗灰 
喜欢它的结构，喜欢它的色彩，喜欢它的台词，喜欢它的音乐。这是属于一个时代的电影
最喜欢的镜头，还是黄秋生坠楼生亡，梁朝伟转身看到他的那一瞬间震惊和痛心让你我都感同身受
喜欢蔡琴的歌在里面混合着两个极有味道的男人
后天去看华哥的失孤,经典之作，算是刘德华中年晚期的电影作品中，少有的好口碑的好电影了，比《无间道2》还好
梁朝伟的演技也非常棒！
这几年梁朝伟轻易不拍片拍片就叫好啊
色戒就很不错～～
推荐看《无间道》
ps：老外也仿照剧情，拍了部无间道，没香港这部好看～",1991年，三合会会员刘建明（刘德华 饰）听大佬韩琛（曾志伟 饰）指示加入警队，七年间已升至警长。92年，警察学员陈永仁（梁朝伟 饰）被逼退学作三合会卧底，现时大佬正是韩琛。2002年，一场失败的重案组突袭令双方卧底浮出水面。重案组从陈永仁手中获悉一批毒品交易情报，锁紧目标人物韩琛，没料情报被刘健明泄出，双方行动均告失败。但此事将双方均有卧底的事实暴露，引发双方高层清除内鬼的决心。命运迥异又相似的刘健明和陈永仁开始在无间道的旅程中接受严峻考验。,http://p1.meituan.net/movie/0d93b5b585ce29c6688e43f3989fb41f86421.jpg@464w_644h_1e_1c,.,无间道
"喜剧,古装,武侠","非常有趣，虽然是恶搞，但恶搞的经典，让人捧腹大笑，开怀畅饮～～哈哈
怀念那部电影里的艺人们，已经有不在世的了，荧幕虽美，但已伊人成泪～
,呐，宅在家呢，最紧要就是开心。你消闲啊？我推荐一部喜剧给你看。它就是喜剧片界独步天下的<<东成西就>>！呐，别说我没有提醒过你。看片的时候千万不可以吃东西喝水，那么密集的笑料轰炸，迟早要笑翻你。你可以硬绷住不笑，但你所做的一切努力都会被证明无效。在笑声中享受假期吧！",金轮国王妃（叶玉卿 饰）与表哥欧阳锋（梁朝伟 饰）有染，为霸占江山，他们毒死了国王，但没找到传国玉玺。得知玉玺在前往九宫山找寻其师父求助的三公主（林青霞 饰）手里后，欧阳锋企图抢到手但没成功。糊涂国师（张曼玉 饰）在淫威下屈服，查出三公主的具体下落，欧阳锋乘火箭金靴追赶，却误脱落一只插死刚出关的王重阳（钟镇涛 饰），奄奄一息的王重阳恳求适逢路过的三公主找到其师弟周伯通（刘嘉玲 饰）代为报仇。逃到九宫山的三公主邀得师弟黄药师（张国荣 饰）与师妹（王祖贤 饰）相助，再加上前来寻找表妹的洪七（张学友 饰）、找到真心人才能成仙的段智兴（梁家辉 饰），一场与欧阳锋的生死恶战蓄势待发……,http://p1.meituan.net/movie/53b6f0b66882a53b08896c92076515a8236400.jpg@464w_644h_1e_1c,.,射雕英雄传之东成西就
"剧情,喜剧,科幻","这部电影想到的是当下明星，娱乐圈的生活。他们就像是电影中的楚门，生活在聚光灯下，有时甚至自己都不知道已被狗仔队拍下行踪，楚门作为一个主角，生活在虚拟的环境，有妈妈的喜爱，护士老婆伺候，感情世界很饱满，虽然是个谎言，但是楚门的悲哀，并不是被整个世界遗弃，而是成了万千宠爱的小丑。每一个观众，带着人性底下阴暗的窥私欲，楚门的世界，一半是难得糊涂的憧憬，一半是任人宰割的恐慌
金凯瑞的经典之作，一生没有奥斯卡的无冕之王
想起来八次获得金像奖表演奖提名但从未得奖的星爷,金凯瑞的经典影片之一。影片用一种很荒诞的构思道出了一个很深刻的哲理：人活在世界上，虽然可以按照自己的意愿生活。但绝大多数时间，我们都是身不由己的。我们受到环境的制约，眼界的限制，甚至自身条件的束缚。。我们永远无法彻底地做自己。因为我们的行为始终被他人关注着，我们不由自主地根据别人的喜好来扮演自以为的最好的自己，身不由己，被别人笑的同时笑笑别人。就像剧中的主人公楚门。更加悲哀的是，我们中的许多人，甚至终其一生都不会像楚门那样去寻求通往自由的出口。浑浑噩噩就过完了自己的一生。O.

",楚门（金·凯瑞 饰）是一个平凡得不能再平凡的人，除了一些有些稀奇的经历之外——初恋女友突然失踪、溺水身亡的父亲忽然似乎又出现在眼前，他和绝大多数30多岁的美国男人绝无异样。这令他倍感失落。他也曾试过离开自己生活了多年的地方，但总因种种理由而不能成行。直到有一天，他忽然发觉自己似乎一直在被人跟踪，无论他走到哪里，干什么事情。这种感觉愈来愈强烈。楚门决定不惜一切代价逃离这个他生活了30多年的地方，去寻找他的初恋女友。但他却发现自己怎样也逃不出去。真相其实很残忍。,http://p0.meituan.net/movie/8959888ee0c399b0fe53a714bc8a5a17460048.jpg@464w_644h_1e_1c,.,楚门的世界
"冒险,奇幻,家庭","这部电影绝对是哈利波特中的经典， 第一次见到9又¾站台，第一次霍格沃兹城堡成现在我们眼前， 他为我们打开了一个通往魔法世界的大门，开始了我们长达十年的魔幻童年，让全世界一个个孩子变成了死忠哈迷，多年以后再看少了惊叹，更多了感动和感慨,哈利波特系列第一部，开启了魔法世界的大门。那时候还在上小学，第一次在电视上看到这个神奇的世界，就沉醉其中。电影的还原度相当高，琳琅满目的对角巷，霍格沃茨的天花板，一切都是那么magic～那时候三人组的都还很青涩，萌萌的哈利，总是做错事被妈妈说的罗恩，骄傲的小学霸赫敏。魔法石的奇妙旅程从那里开启，此后三人组不离不弃。",哈利波特是一个孤儿，从小寄养在姨妈家，受尽欺凌。但就在哈利11岁生日的时候，他意外收到了霍格沃茨学院的入学通知书。哈利从该学院派来接他的巨人海格口中得知，这是一间魔法学院，并得知了自己的身世，原来哈利的父母都是伟大的魔法师，在对付伏地魔的战斗中双双献身，唯有哈利幸免于难。哈利进入霍格沃茨后，表现出了超乎想象的飞行天赋，得到麦格教授的推荐进入了格兰芬多的魁地奇球队。另一方面，哈利发现霍格沃茨学院内有一股黑暗势力似乎在暗暗滋长，揭开谜团的关键就在有凶恶的三头犬守护的房间内。哈利、罗恩和赫敏三个好朋友决定探个究竟。,http://p1.meituan.net/movie/aacb9ed2a6601bfe515ef0970add1715623792.jpg@464w_644h_1e_1c,.,哈利·波特与魔法石
"动作,冒险,奇幻","最喜欢的电影，没有之一,绝对惊艳啊！杰克船长太美太妖娆！作为一个妹子我表示口水直流………经典中的经典，看多少遍都绝不嫌多！怒点赞！",故事发生在17世纪，传说中海盗最为活跃的加勒比海。风趣迷人的杰克·斯伯洛（约翰尼·德普 饰），是活跃在加勒比海上的海盗，拥有属于自己的“黑珍珠”号海盗船。对他来说，最惬意的生活就是驾驶着“黑珍珠”号在加勒比海上游荡，自由自在的打劫过往船只。但不幸的是，他的仇敌，老谋深算的巴尔巴罗萨船长（杰弗里·拉什 饰）偷走了他的“黑珍珠”号。巴伯萨是一个无恶不作的坏蛋，他抢劫了杰克的“黑珍珠号”后，更加猖狂，在加勒比海上横行霸道，一时成为整个加勒比海的霸主。一次，巴伯萨一伙袭击了罗亚尔港小镇，并绑架了还绑架了总督的女儿伊莉莎白·斯万（凯拉·奈特丽 饰）和伊莉莎白青梅竹马的铁匠学徒威尔·特纳（奥兰多·布鲁姆 饰），想方设法救出了狱中的船长杰克，偷来英国皇家舰队最快的“拦截号”军舰迅速向“黑珍珠”追去。在打斗中，威尔和杰克发现，巴尔巴罗萨和他的海盗们身背着咒语，在每一个月光之夜，他们就变成了不死骷髅，而伊莉莎白正是解开咒语的关键。,http://p1.meituan.net/movie/b449893ebc63d5c54eb4a5b60341f334383831.jpg@464w_644h_1e_1c,.,加勒比海盗
"动作,冒险,奇幻","这三部曲就真不知从何说起它的好了。画面，音乐，情节，寓意，都令人着迷。就像《红楼梦》，放一本在床头，某天无论从哪一章读起都欲罢不能。这电影也是会经常想起，时常看起，哪怕其中一个段落，也可以使心好好享受一会儿。,指环王在的成就在电影史上都是很少的，这样的史诗级大片让历史上所有的电影的相形见绌。
彼得杰克逊可称得上是这个时代最伟大的导演，和斯皮尔伯格，一样具有异于常人的天才
电影还原了书里所有的情节，场景，甚至比书里的更真实 奥斯卡11项大奖
骑兵从山上冲向兽人那段就看了不下数十遍了，每次看都热泪盈眶，感动于那份无畏和执著，在生死的危难时刻人类同仇敌忾的振奋 圆满的大结局
刚刚结束的霍比特人之旅直接连接指环王
还有更大的中土，可惜的是彼得大帝没有拍的权利了
",魔戒圣战逐渐进入高潮阶段。霍比特人弗罗多（伊利亚·伍德 饰）携带着魔戒，与伙伴山姆（西恩·奥斯汀 饰）以及狡猾阴暗的咕噜（安德鲁·瑟金斯 饰）等前往末日火山，一路上艰难险阻不断。魔君索伦为阻止魔戒的销毁，用尽全力阻挠。另一方面，白袍巫师甘道夫（伊安·麦克莱恩 饰）率中土勇士们镇守刚铎首都——白城米那斯提力斯。魔兽大军压境，黑暗与光明的决战即将来临……,http://p0.meituan.net/movie/932bdfbef5be3543e6b136246aeb99b8123736.jpg@464w_644h_1e_1c,.,指环王3：王者无敌
"动作,科幻","黑客帝国
哎呀，这部电影真是没啥说的了，科幻片的教科书级别的电影，现在还能想起当初是怎么看了一遍又一遍的，本身故事就很有创想，我们活的世界是真实的吗？什么是真实，这部电影提出了这点并且展开了一系列的故事，还得一提的是影片的特技，这部电影也确立了沃卓斯基兄妹在好莱坞特技方面的领军地位，子弹时间更是特效史上的标杆，想象力的一个巅峰以不过如此，男主角基努里维斯也凭次进阶一线男星，故事非常精彩，但后面几步就不给力了，这部还是要强烈推荐的,这是一部非常超前的电影，当时我就惊住了，无论是子弹时间拍摄手法还是虚拟现实场景的设定以及其本身想要传达的思想都是电影技术一次革新。",不久的将来，网络黑客尼奥（基努·里维斯 饰）对这个看似正常的现实世界产生了怀疑。他结识了黑客崔妮蒂（凯瑞-安·莫斯 饰），并见到了黑客组织的首领墨菲斯（劳伦斯·菲什伯恩 饰）。墨菲斯告诉他，现实世界其实是由一个名叫“母体”的计算机人工智能系统控制，人们就像他们饲养的动物，没有自由和思想，而尼奥就是能够拯救人类的救世主。   可是，救赎之路从来都不会一帆风顺，到底哪里才是真实的世界？如何才能打败那些超人一样的特工？尼奥是不是人类的希望？这是黑客的帝国，程序和代码欢迎大家的到来。,http://p1.meituan.net/movie/d981a12f59d3cc92ff666094404ad8f0211220.jpg@464w_644h_1e_1c,.,黑客帝国
"剧情,爱情,音乐","总有那么些电影，人人看过 人人说好， 口口相传之下它们就成为了经典，是好电影的典范。 海上钢琴师无疑就是其中之一
故事都知道没什么好写，但奇葩的主角一直被人说成是活在自己世界的天才之类的云云。傻到不敢去踏出一步，傻到失去爱情失去一切。 
　　这个世界里也确实有像1900一样的人存在，他们都活在自己的世界不愿意尝试任何的东西，就像那所船，像那台钢琴，那张唱片对1900一样，可我认为这种人才是真正幸福的。大千世界有着让人无数的向往，我们终其一生也找不到可以为之去死的属于自己灵魂的东西。 
 蒂姆·罗斯  以前有人说我长得像他 别对我说谎 哈哈,这部电影不仅讲述的是一个人的传奇，它本身也是一个奇迹。1900诞生在维珍妮娅号的那刻就注定了一场悲剧。Tim Roth的演绎精湛到极致，船客纷纷奔向他们深爱的美利坚，1900在船舱中的眼神，承载了一种深到骨髓的孤独，喧嚣后的寂寞，令人窒息般的感同身受。在导演加长版中，丰富了那条唯一的爱情线索，满怀憧憬，却仍旧冲不破对没有尽头的城市的恐惧，悲剧色彩如泼墨似的，在电影的画卷上越发浓郁。除此之外，不得不提到20世纪最著名的意大利电影配乐大师埃尼奥•莫里康内，他为影片创造出的音乐意境，甚至要超越了画面美。由其是那首playing love，和电影的主题高度契合，一个漂泊的灵魂，一首美到心碎的琴曲。",本片讲述了一个钢琴天才传奇的一生。1900年，Virginian号豪华邮轮上，一个孤儿被遗弃在头等舱，由船上的水手抚养长大，取名1900（蒂姆•罗斯 饰）。1900慢慢长大，显示了出了无师自通的非凡钢琴天赋，在船上的乐队表演钢琴，每个听过他演奏的人，都被深深打动。爵士乐鼻祖杰尼听说了1900的高超技艺，专门上船和他比赛，最后自叹弗如，黯然离去。可惜，这一切的事情都发生在海上，1900从来不愿踏上陆地，直到有一天，他爱上了一个女孩，情愫在琴键上流淌。他会不会为了爱情，踏上陆地开始新的生活，用他的琴声惊艳世界？他将怎样谱写自己非凡的人生。,http://p1.meituan.net/movie/c15b7623cce2f51c75562a3baefe507b68290.jpg@464w_644h_1e_1c,.,海上钢琴师
"战争,剧情,爱情","最伟大的爱。最美的童话。 父亲用爱与智慧，演绎了一场最动人的游戏，影片前半段的基调是轻松欢快的，中间笔锋一转，开始了后半段颠沛流离的悲剧情节。
没有什么是绝对公平的，而即使遭遇到极度不公平的对待，坚持乐观依然可以从容不迫、玩世不恭
人的一生当中苦难难免层出不穷，再多的抱怨也于事无补，只不过是加速绝望。一旦内心失去了坚定支撑，勇气也无法附着。基多的解脱之道是以自己制造出的幽默来理解生活的幽默，自己设定的游戏来接受人生的游戏规则,父爱如山，欢笑与泪水并在！真心羡慕人才辈出的意大利电影：从赛尔乔莱昂 到朱塞佩托纳多雷 到贝尼尼 再算上科波拉家族 阿尔帕西诺 罗伯特 德尼罗和马丁 斯科塞斯整个意大利电影的伟大完全映在了历史之中，这种底蕴玩爆好莱坞。中国电影人应该多向人家学习，爱惜羽毛，戒骄戒躁，多注重艺术少看重票房，电影终究是一种艺术而不是一场生意！",犹太青年圭多（罗伯托·贝尼尼 饰）邂逅美丽的女教师朵拉（尼可莱塔·布拉斯基 饰），他彬彬有礼的向多拉鞠躬：“早安！公主！”历经诸多令人啼笑皆非的周折后，天遂人愿，两人幸福美满的生活在一起。然而好景不长，法西斯政权下，圭多和儿子被强行送往犹太人集中营。多拉虽没有犹太血统，毅然同行，与丈夫儿子分开关押在一个集中营里。聪明乐天的圭多哄骗儿子这只是一场游戏，奖品就是一辆大坦克，儿子快乐、天真的生活在纳粹的阴霾之中。尽管集中营的生活艰苦寂寞，圭多仍然带给他人很多快乐，他还趁机在纳粹的广播里问候妻子：“早安！公主！”法西斯政权即将倾覆，纳粹的集中营很快就要接受最后的清理，圭多编给儿子的游戏该怎么结束？他们一家能否平安的度过这黑暗的年代呢？,http://p0.meituan.net/movie/43d259ecbcd53e8bbe902632772281d6327525.jpg@464w_644h_1e_1c,.,美丽人生
"爱情,奇幻,剧情","本片让人印象最深刻的部分就是德普的演技。外形恐怖怪异却内心柔软的他几乎无表情，只能通过眼神传达出丰富的情感信息，绝对的考验演技。
爱德华作为主角，其最大悲剧就在于剪刀手既让他获得认可和欢迎，同时又在无意中甚至好心之下伤害他人和自己，这种与生俱来的矛盾让他永远无法真正融入社会——就像叔本华描述的那只刺猬。
世俗是如此强大的力量（如果你注意到片中房屋虽然五颜六色却风格高度统一的话），纯真美好的心灵终究敌不过非我族类其心必异的偏见，躲在城堡里终其一生，可能才是爱德华最好的归宿。,爱德华与金跨越机器人与人类看似无法跨越的隔阂的爱情故事已是经典，蒂姆·波顿的怪诞风格反而为这段感情增添了几分童话色彩，如此令人向往。但事实上如同大多数成为影史经典的爱情元素电影一样，其故事的悲剧性往往是至关重要的，不论是《泰坦尼克号》还是《人鬼情未了》，爱情终究逃不过命运的捉弄，亦如寒风中的火花，在黑暗中摇曳闪烁，如同夜空明星般给人以美好的错觉却终要用其殒落拨动神伤的琴弦。有时越是美好就越是触不可及，真爱似乎就像泡沫一样无力经受现实的棱角。不论如何相爱，爱德华也无法再次将爱人拥入怀中，现实总不愿让你如愿以偿，只有凄美的幻想能补偿内心的渴望，而无知的人群似乎正是纯爱寄身的世事无常。讽刺至极………",影片讲述了一个有着剪刀手的机器人爱上人类女孩的故事。发明家（文森特·普莱斯 饰）制造了机器人爱德华（约翰尼·德普 饰），爱德华具备人类的一切肉体和精神功能，但发明家还没来得及为爱德华装上双手就去世了，只留下一双异于常人的剪刀手。发明家死后爱德华独居古堡中，化妆品推销员佩格（黛安娜·维斯特 饰）发现了这个少年，出于对爱德华处境的同情，把他带回了家。爱德华很快以灵巧异常的剪刀手和温和的性格博得了人们的欢迎。佩格的女儿金（薇诺娜·瑞德 饰）也逐渐爱上了爱德华。但是各种意想不到的麻烦也纷至沓来，爱德华和金最终能走到一起吗？,http://p1.meituan.net/movie/0e91ffcfa7e53449216cc29ee8af513a75791.jpg@464w_644h_1e_1c,.,剪刀手爱德华
"剧情,爱情","在布宜诺斯艾利斯的灯光下，探戈舞曲回旋，世界由黑白转为色彩。我们需要什么呢？一份让我们继续下去的承诺？还是永恒无尽的迷茫，不再去理会现实？爱情究竟是有色彩的，只是，时间和风悄悄地将它一点点带走，最后剩下的，到底是爱情的灰烬，擦拭着它，仍能看见它美丽的过去。,何宝荣虽然各种薄情怨毒无理取闹但是却不让人厌恶.甚至在最后他绝望的哭的时候。反而让人让人心痛与心碎。 故事其实真的很简单，只是反射出的现实问题却让人深思。印象最深刻的那句台词，不如，我们重新来过。说不出的感觉。",影片讲述了一对同性恋人从香港来到阿根廷，在异国发生争执，分分合合的一段虐恋故事。黎耀辉（梁朝伟 饰）与何宝荣（张国荣 饰）是一对同性恋人，为了有新的开始，他们怀着美丽的梦想离开香港来到阿根廷，却在布宜诺斯艾利斯迷了路。黎耀辉想安下心来过日子，无奈何宝荣于夜夜笙歌中放纵着自己的生命，当何宝荣受伤后回到黎耀辉的住处，他一面想和黎耀辉和好一面又猜疑黎耀辉爱上了别人。于是两人不断产生分歧、争吵，两颗心的距离越来越远……,http://p0.meituan.net/movie/ae7245920d95c03765fe1615f3a1fe3865785.jpg@464w_644h_1e_1c,.,春光乍泄
"爱情,歌舞,家庭","小时候音乐课的回忆
经典中的经典。里面的音乐剧已经载入教材，《哆唻咪》《孤独的牧羊人》《雪绒花》《音乐之声》等歌曲至今让我们耳熟能详。而更让我动容的，是隐藏在音乐背后的那博大而深沉的爱。当最后特拉普带领他们逃到广袤而无限秀丽的阿尔比斯山脉的时候，我眼睛居然湿润了。因为他们走出了专制走向了自由！,即使现在看来，这也不失一部优秀的影片。本来巨讨厌歌舞片的我对此片却情有独钟，它的每段歌曲都那么的恰到好处，决无现在美国歌舞片为了歌舞而歌舞的生硬感。此片的若干歌曲至今传唱世界也证明了优秀的作品能经得其时间的考验。",玛利亚（朱丽·安德鲁斯 饰）是一个年轻活泼的修女，喜欢在大自然下高声歌唱，所以她常常忘记了修道院里的规矩。院长认为玛利亚并不属于规矩严格的修道院。院长与众嬷嬷商量后，决定安排玛利亚到一位名叫特拉普（克里斯托弗·普卢默 饰）上校家当家庭教师。上校的妻子去世多年，留下7个孩子，他要求对孩子严格管教。他告诉玛利亚在他家的家庭教师都做不长久，都是因为孩子的恶作剧。玛利亚果然也遭到了恶作剧，可是这位善良的老师并没有告诉他们的父亲，而是像个母亲一样照顾孩子，很快跟孩子打成一片。上校也渐渐在玛利亚的引导下改变了对孩子们的态度。上校与玛利亚之间发生了感情，他们完婚后回到了已被纳粹占领的奥地利，上校并不想为纳粹办事，一家人准备逃跑……,http://p1.meituan.net/movie/6bc004d57358ee6875faa5e9a1239140128550.jpg@464w_644h_1e_1c,.,音乐之声
"剧情,历史,战争","经典的力量在于让所有时代的人都能产生共鸣感，给人以力量、勇气和温暖。真正的英雄可以被毁灭，却不能被打败，纵风尘困顿，亦昂首阔步。,一部黑白电影能折射出人性伟大的斑斓色彩，非《辛德勒的名单》莫属。打字机的敲击声穿过耳畔，此时的打字机就是一个天使的象征，每一次敲击都意味着一个生命的保留，这是一台被圣光环绕的打字机。辛德勒的仁慈和博爱是无国界的，他又何尝没在内心中做过挣扎，然而每次都是仁慈获胜，看着人们送走他的画面，泪水不由自主地夺眶而出。",1939年，波兰在纳粹德国的统治下，党卫军对犹太人进行了隔离统治。德国商人奥斯卡·辛德勒（连姆·尼森 饰）来到德军统治下的克拉科夫，开设了一间搪瓷厂，生产军需用品。凭着出众的社交能力和大量的金钱，辛德勒和德军建立了良好的关系，他的工厂雇用犹太人工作，大发战争财。1943年，克拉科夫的犹太人遭到了惨绝人寰的大屠杀，辛德勒目睹这一切，受到了极大的震撼，他贿赂军官，让自己的工厂成为集中营的附属劳役营，在那些疯狂屠杀的日子里，他的工厂也成为了犹太人的避难所。1944年，德国战败前夕，屠杀犹太人的行动越发疯狂，辛德勒向德军军官开出了1200人的名单，倾家荡产买下了这些犹太人的生命。在那些暗无天日的岁月里，拯救一个人，就是拯救全世界。,http://p1.meituan.net/movie/39ed7a0941a3604bba78d299b11a18ce119679.jpg@464w_644h_1e_1c,.,辛德勒的名单
"动画,奇幻","猴哥大赞，裸眼3D的感觉啊，就是歌曲不太贴合剧情。,老版的西游记动画片，上海美术电影制片厂的就是经典。",话说在东土傲来国有一座花果山，山上有一尊石猴吸收日精月华化身为一只神猴（邱岳峰 配音），统领着山中的猴子猴孙。为求得一件称心的宝贝，神猴孙大圣潜入龙宫，强硬求来大禹治水时的定海神针如意金箍棒。东海龙王（毕克 配音）心有不甘，于是上天将此事诉诸玉帝（富润生 配音）。玉皇大帝命令太白金星（尚华 配音）下界招安，许以爵位。不知有诈的孙大圣欣然前往，却发现只是负责养马的弼马温。得知受骗的猴王反下天庭，与天兵天将在花果山展开大战……,http://p1.meituan.net/movie/14a7b337e8063e3ce05a5993ed80176b74208.jpg@464w_644h_1e_1c,.,大闹天宫
"动画,冒险,家庭","写到这里出现宫老爷子的第三个作品了
这个是最早的1986年到现在29年前的作品了
首先值得一提的是它的音乐久石让的曲子真的很好听!当然电影也很好看. 他的电影总能引起深思,让人很有感触. 天空之城是那么地宁静,安详,神圣!看着机器人与大自然融为一体,尤其是在最后天空之城塌了,而顶端的机器人仍很悠闲地在那儿走着,似乎城市从没遭受破坏一样,一如既往,大爱！！看似平淡无华的动画片，简单而又直白，但是简单之中处处渗透着不平凡与和谐宁静，大人看到的是自己梦寐以求的peaceful life。美妙仙境般的生活一点点在宫崎骏笔下诞生，没有了电脑特效的渲染，没有了高科技的辅佐，有的就是最初的感动。久石让的《天空之城》成为了这部动画片最值得回味的东西之一。评分9分",古老帝国拉比达是一座漂浮在空中的巨大的机器岛，传说那里已经无人居住，蕴藏着巨大的财富。因此，无论军方还是海盗，都在找寻着这座传说中的飞行岛。矿工帕克这天偶遇拉达比继承人希达，两人一见如故。因为希达身上有找寻拉比达帝国的重要物件飞行石，军方和海盗两帮人马都在追杀希达。帕克带着希达一起逃亡，最终都没有逃出军方的手中，希达被军队掳走了。为救朋友，帕克只能选择与海盗合作。帕克与海盗成功救出了希达，同时，他们也发现了军方的邪恶计划。为了阻止军方邪恶计划的实施，他们和海盗一起踏上了寻找拉比达之旅。,http://p1.meituan.net/movie/ba1ed511668402605ed369350ab779d6319397.jpg@464w_644h_1e_1c,.,天空之城
"喜剧,剧情,爱情","以前看的时候，电影里真正隐含的意思我都不懂，但当我慢慢长大，经历的东西越来越多的时候，再回顾这些，我能领悟到星爷电影里人生的真谛，同理也可以套用在《大话西游》。p每次看到那句“我养你啊！”都会毫无疑问的飙泪。,所谓爱情，不是华丽丽的说喜欢，而是最简单一句“我养你”，那些来自内心深处质朴的承诺，往往最令人不能自持。后来尹天仇衣着光鲜的坐在豪车里和娟姐这种明星一道赶往片场的时候，面对刘飘飘喊出的""你上次说养我是不是真的？”，还能面不改色的说:“是啊。""我想这就是所谓的小人物的自我修养吧。",尹天仇（周星驰 饰）一直醉心戏剧，想成为一名演员，平时除了做跑龙套以外，还会在街坊福利会里开设演员训练班。此时舞小姐柳飘飘在妈妈桑的带领下来到这里要求学做戏，原来柳飘飘有一段非常不愉快的经历，在尹天仇对她指导的过程中，柳飘飘对尹天仇渐生情愫，同时她也成为了夜总会里当红的小姐。尹天仇受到了极多白眼之后，终于得到了大明星鹃姐（莫文蔚 饰）的赏识，提携他担演新戏中的男主角，但没想到突然把他的角色换掉了，令他失望不已。在片场当场务的卧底警员（吴孟达 饰）身份被识穿，尹天仇阴差阳错的帮忙破了案。之后尹天仇继续活跃在街坊福利会的演员训练班里。,http://p1.meituan.net/movie/18e3191039d5e71562477659301f04aa61905.jpg@464w_644h_1e_1c,.,喜剧之王
"剧情,爱情,战争","当时看完的感觉原来珍惜比爱重要
白瑞德要是有多失望，在他倾尽所有却没能得到斯嘉丽的心。 
斯嘉丽得有多心痛啊，在战乱和饥荒的现实面前都勇敢的挺过来了，却最终没有能留住爱人白瑞德
最后失去白瑞德的时候，才知道原来自己这么深深的依恋他，离不开他
但斯嘉丽你真的还能赢回白瑞德心吗,总片长将近4个小时半，花了两个晚上分开一半一半看实在是太感动了，活在战争中所有的人都太可怜了，剧情含金量太高真心大爱这部电影，人生的哲学都体现出来了，看完对人生充满了勇气和希望，还有抱负，电影里全都是帅哥美女，苍天啊，可惜是上个世纪的经典电影，该电影被收录在美国电影历史上前100名最佳电影里，看完最后突然心酸无比，虽然对生活充满了热情但是却让人对爱情产生了对距离和分开的悲伤，我真的不会爱你了，如此让人眩晕而又遗憾，不知道主演的家族后辈们有没有接着在演艺圈活动，实在是良心的演艺家们，让观众着实体验了一把人生的过程种种，这部电影才是真正可以用荡气回肠的人生来形容，坚强面对生活却最终无法战胜命运。",美国南北战争前夕，南方农场塔拉庄园的千金斯嘉丽（费·雯丽 饰）爱上了另一个农场主的儿子艾希礼（李斯利·霍华德 饰），遭到了拒绝，为了报复，她嫁给了自己不爱的男人，艾希礼妻子梅兰（奥莉薇·黛·哈佛兰 饰）的弟弟查尔斯。战争期间，斯嘉丽成为寡妇，失去母亲，挑起生活的重担，不再是当初的千金小姐；战争结束后，她又两度为人妻，嫁给了爱她多年的投机商人瑞德（克拉克·盖博 饰）。然而，纵使经历了生活的艰苦，斯嘉丽对艾希礼的感情仍然没有改变。艾希礼妻子梅兰的去世，给了斯嘉丽一个机会，一边是深爱自己的丈夫瑞德，一边是心心念念多年的艾希礼？斯嘉丽会给自己怎样一个不一样的明天？,http://p0.meituan.net/movie/230e71d398e0c54730d58dc4bb6e4cca51662.jpg@464w_644h_1e_1c,.,乱世佳人
